experiment,scenario,scheme,x_name,x_value,n_phys,n_active,snr_db,jsr_db,channel,csi_nmse_db,sync_error_prob,jammer_est_error_db,bit_errors,total_bits,frame_errors,total_frames,collisions,active_symbols,collision_variance_sum,max_symbol_collision_sum,adjacent_overlap_sum,detected_collisions,false_alarms,positive_symbols,negative_symbols,posterior_collision_sum,sync_error_symbols,ber,ber_ci_low,ber_ci_high,fer,collision_rate,collision_variance,max_symbol_collision,adjacent_overlap,pd,pfa,mean_posterior,elapsed_s,ms_per_frame
no_jam,none,random_k7,snr_db,0.0,512,64,0.0,5.0,awgn,-300.0,0.0,0.0,23399,151800,299,300,0,153600,0.0,0.0,37.38169642857144,0,1,0,153600,22.894840676391862,0,0.15414361001317523,0.15233591462963514,0.1559688094739144,0.9966666666666667,0.0,0.0,0.0,0.12460565476190479,0.0,6.510416666666667e-06,0.00014905495232025952,1.140777167,3.8025905566666665
no_jam,none,random_k7,snr_db,4.0,512,64,4.0,5.0,awgn,-300.0,0.0,0.0,13,151800,3,300,0,153600,0.0,0.0,37.38169642857144,0,3,0,153600,14.620962924024306,0,8.563899868247695e-05,5.005074910725069e-05,0.00014652832645447618,0.01,0.0,0.0,0.0,0.12460565476190479,0.0,1.953125e-05,9.518856070328324e-05,1.13336325,3.7778774999999998
no_jam,none,random_k7,snr_db,8.0,512,64,8.0,5.0,awgn,-300.0,0.0,0.0,0,151800,0,300,0,153600,0.0,0.0,37.38169642857144,0,1,0,153600,7.119918446248288,0,0.0,0.0,2.53054124571411e-05,0.0,0.0,0.0,0.0,0.12460565476190479,0.0,6.510416666666667e-06,4.6353635717762294e-05,1.1299545000000002,3.766515000000001
no_jam,none,random_k7,snr_db,12.0,512,64,12.0,5.0,awgn,-300.0,0.0,0.0,0,151800,0,300,0,153600,0.0,0.0,37.38169642857144,0,0,0,153600,3.8757323201388942,0,0.0,0.0,2.53054124571411e-05,0.0,0.0,0.0,0.0,0.12460565476190479,0.0,0.0,2.5232632292570927e-05,1.1245172499999998,3.748390833333333
no_jam,none,mc2_k7,snr_db,0.0,512,64,0.0,5.0,awgn,-300.0,0.0,0.0,23270,151800,300,300,0,153600,0.0,0.0,0.0,0,1,0,153600,22.948234866379263,0,0.15329380764163372,0.15149023785827923,0.15511492451138634,1.0,0.0,0.0,0.0,0.0,0.0,6.510416666666667e-06,0.00014940257074465667,1.1522573329999997,3.8408577766666654
no_jam,none,mc2_k7,snr_db,4.0,512,64,4.0,5.0,awgn,-300.0,0.0,0.0,7,151800,2,300,0,153600,0.0,0.0,0.0,0,0,0,153600,12.13416246383801,0,4.61133069828722e-05,2.2337879779048657e-05,9.519181281133091e-05,0.006666666666666667,0.0,0.0,0.0,0.0,0.0,0.0,7.899845354061204e-05,1.1470551660000003,3.823517220000001
no_jam,none,mc2_k7,snr_db,8.0,512,64,8.0,5.0,awgn,-300.0,0.0,0.0,0,151800,0,300,0,153600,0.0,0.0,0.0,0,3,0,153600,9.555980912346362,0,0.0,0.0,2.53054124571411e-05,0.0,0.0,0.0,0.0,0.0,0.0,1.953125e-05,6.22134173980883e-05,1.1453894590000004,3.817964863333335
no_jam,none,mc2_k7,snr_db,12.0,512,64,12.0,5.0,awgn,-300.0,0.0,0.0,0,151800,0,300,0,153600,0.0,0.0,0.0,0,0,0,153600,4.500026912229676,0,0.0,0.0,2.53054124571411e-05,0.0,0.0,0.0,0.0,0.0,0.0,0.0,2.929705020982862e-05,1.1484129159999998,3.8280430533333325
core_ber,blind_pbj,random_k7,snr_db,4.0,512,64,4.0,5.0,awgn,-300.0,0.0,0.0,6806,151800,275,300,38554,153600,0.6790084838867188,97.46875,37.638392857142854,11884,2945,38554,115046,38387.059487797356,0,0.04483530961791831,0.04380575157250173,0.045887903923786985,0.9166666666666666,0.25100260416666664,0.0022633616129557293,0.32489583333333333,0.12546130952380952,0.3082429838667842,0.025598456269666045,0.2499157518736807,1.1205024999999988,3.73500833333333
core_ber,blind_pbj,random_k7,snr_db,8.0,512,64,8.0,5.0,awgn,-300.0,0.0,0.0,1408,151800,148,300,38554,153600,0.6790084838867188,97.46875,37.638392857142854,20097,3475,38554,115046,38421.02439151381,0,0.00927536231884058,0.008805396652150627,0.009770163964249337,0.49333333333333335,0.25100260416666664,0.0022633616129557293,0.32489583333333333,0.12546130952380952,0.5212688696373917,0.030205309180675557,0.25013687754891806,1.1176298750000004,3.7254329166666684
core_ber,blind_pbj,random_k7,snr_db,12.0,512,64,12.0,5.0,awgn,-300.0,0.0,0.0,610,151800,88,300,38554,153600,0.6790084838867188,97.46875,37.638392857142854,29191,2352,38554,115046,38551.68761039716,0,0.004018445322793149,0.003712504087894447,0.004349488593316332,0.29333333333333333,0.25100260416666664,0.0022633616129557293,0.32489583333333333,0.12546130952380952,0.7571458214452457,0.02044399631451767,0.2509875495468565,1.1181350000000005,3.727116666666668
core_ber,blind_pbj,random_k7,snr_db,16.0,512,64,16.0,5.0,awgn,-300.0,0.0,0.0,612,151800,92,300,38554,153600,0.6790084838867188,97.46875,37.638392857142854,33692,940,38554,115046,38369.15222385135,0,0.004031620553359684,0.0037251602232517547,0.0043631822522828085,0.30666666666666664,0.25100260416666664,0.0022633616129557293,0.32489583333333333,0.12546130952380952,0.8738911656378067,0.008170644785564035,0.24979916812403222,1.1179024159999997,3.7263413866666655
core_ber,blind_pbj,random_brw,snr_db,4.0,512,64,4.0,5.0,awgn,-300.0,0.0,0.0,4256,151800,252,300,38554,153600,0.6790084838867188,97.46875,37.638392857142854,11884,2945,38554,115046,38387.059487797356,0,0.028036890645586298,0.027218330425030073,0.02887933730843606,0.84,0.25100260416666664,0.0022633616129557293,0.32489583333333333,0.12546130952380952,0.3082429838667842,0.025598456269666045,0.2499157518736807,1.1286859580000002,3.7622865266666676
core_ber,blind_pbj,random_brw,snr_db,8.0,512,64,8.0,5.0,awgn,-300.0,0.0,0.0,720,151800,99,300,38554,153600,0.6790084838867188,97.46875,37.638392857142854,20097,3475,38554,115046,38421.02439151381,0,0.0047430830039525695,0.004409763912659416,0.005101467456359398,0.33,0.25100260416666664,0.0022633616129557293,0.32489583333333333,0.12546130952380952,0.5212688696373917,0.030205309180675557,0.25013687754891806,1.1253946249999984,3.751315416666662
core_ber,blind_pbj,random_brw,snr_db,12.0,512,64,12.0,5.0,awgn,-300.0,0.0,0.0,215,151800,53,300,38554,153600,0.6790084838867188,97.46875,37.638392857142854,29191,2352,38554,115046,38551.68761039716,0,0.0014163372859025032,0.0012393508243074807,0.0016185574779562708,0.17666666666666667,0.25100260416666664,0.0022633616129557293,0.32489583333333333,0.12546130952380952,0.7571458214452457,0.02044399631451767,0.2509875495468565,1.1233663749999998,3.7445545833333327
core_ber,blind_pbj,random_brw,snr_db,16.0,512,64,16.0,5.0,awgn,-300.0,0.0,0.0,190,151800,46,300,38554,153600,0.6790084838867188,97.46875,37.638392857142854,33692,940,38554,115046,38369.15222385135,0,0.001251646903820817,0.0010859617739105898,0.0014425740993058817,0.15333333333333332,0.25100260416666664,0.0022633616129557293,0.32489583333333333,0.12546130952380952,0.8738911656378067,0.008170644785564035,0.24979916812403222,1.1236268329999994,3.7454227766666643
core_ber,blind_pbj,mc2_k7,snr_db,4.0,512,64,4.0,5.0,awgn,-300.0,0.0,0.0,6377,151800,273,300,38132,153600,0.707122802734375,97.125,0.0,11822,2941,38132,115468,38383.855045797965,0,0.042009222661396575,0.04101158652820811,0.04303003808562928,0.91,0.24825520833333334,0.0023570760091145833,0.32375,0.0,0.3100283226686248,0.025470260158658675,0.2498948896210805,1.1660952920000014,3.886984306666671
core_ber,blind_pbj,mc2_k7,snr_db,8.0,512,64,8.0,5.0,awgn,-300.0,0.0,0.0,1285,151800,153,300,38132,153600,0.707122802734375,97.125,0.0,19988,3482,38132,115468,38243.82269901704,0,0.008465085638998683,0.008016488480447581,0.008938559785039763,0.51,0.24825520833333334,0.0023570760091145833,0.32375,0.0,0.5241791671037449,0.03015554092908858,0.2489832206967255,1.163709917000002,3.8790330566666733
core_ber,blind_pbj,mc2_k7,snr_db,12.0,512,64,12.0,5.0,awgn,-300.0,0.0,0.0,629,151800,91,300,38132,153600,0.707122802734375,97.125,0.0,28865,2308,38132,115468,38210.436870242134,0,0.004143610013175231,0.003832771519439723,0.00447954420784699,0.30333333333333334,0.24825520833333334,0.0023570760091145833,0.32375,0.0,0.7569757683835099,0.019988221845013338,0.24876586504063888,1.1618330830000012,3.872776943333337
core_ber,blind_pbj,mc2_k7,snr_db,16.0,512,64,16.0,5.0,awgn,-300.0,0.0,0.0,506,151800,79,300,38132,153600,0.707122802734375,97.125,0.0,33332,957,38132,115468,38033.78890622434,0,0.0033333333333333335,0.0030556807944675524,0.0036361225819065415,0.2633333333333333,0.24825520833333334,0.0023570760091145833,0.32375,0.0,0.8741214727787685,0.008288010531056223,0.24761581319156473,1.1625139169999983,3.8750463899999947
core_ber,blind_pbj,mc2_hard,snr_db,4.0,512,64,4.0,5.0,awgn,-300.0,0.0,0.0,11594,151800,296,300,38132,153600,0.707122802734375,97.125,0.0,11822,2941,38132,115468,38383.855045797965,0,0.0763768115942029,0.07505140109412874,0.0777236620132951,0.9866666666666667,0.24825520833333334,0.0023570760091145833,0.32375,0.0,0.3100283226686248,0.025470260158658675,0.2498948896210805,1.1628113330000005,3.8760377766666685
core_ber,blind_pbj,mc2_hard,snr_db,8.0,512,64,8.0,5.0,awgn,-300.0,0.0,0.0,2167,151800,198,300,38132,153600,0.707122802734375,97.125,0.0,19988,3482,38132,115468,38243.82269901704,0,0.01427536231884058,0.013690796910948693,0.014884510651326701,0.66,0.24825520833333334,0.0023570760091145833,0.32375,0.0,0.5241791671037449,0.03015554092908858,0.2489832206967255,1.1629280420000008,3.876426806666669
core_ber,blind_pbj,mc2_hard,snr_db,12.0,512,64,12.0,5.0,awgn,-300.0,0.0,0.0,749,151800,129,300,38132,153600,0.707122802734375,97.125,0.0,28865,2308,38132,115468,38210.436870242134,0,0.004934123847167325,0.00459394655999326,0.005299356826720399,0.43,0.24825520833333334,0.0023570760091145833,0.32375,0.0,0.7569757683835099,0.019988221845013338,0.24876586504063888,1.1611620830000007,3.8705402766666688
core_ber,blind_pbj,mc2_hard,snr_db,16.0,512,64,16.0,5.0,awgn,-300.0,0.0,0.0,342,151800,81,300,38132,153600,0.707122802734375,97.125,0.0,33332,957,38132,115468,38033.78890622434,0,0.0022529644268774705,0.002026724614471937,0.0025043956273519984,0.27,0.24825520833333334,0.0023570760091145833,0.32375,0.0,0.8741214727787685,0.008288010531056223,0.24761581319156473,1.1610659590000019,3.8702198633333396
core_ber,blind_pbj,mc2_brw,snr_db,4.0,512,64,4.0,5.0,awgn,-300.0,0.0,0.0,4102,151800,238,300,38132,153600,0.707122802734375,97.125,0.0,11822,2941,38132,115468,38383.855045797965,0,0.027022397891963108,0.026218598488677268,0.027850135081857616,0.7933333333333333,0.24825520833333334,0.0023570760091145833,0.32375,0.0,0.3100283226686248,0.025470260158658675,0.2498948896210805,1.1634539170000018,3.8781797233333397
core_ber,blind_pbj,mc2_brw,snr_db,8.0,512,64,8.0,5.0,awgn,-300.0,0.0,0.0,605,151800,88,300,38132,153600,0.707122802734375,97.125,0.0,19988,3482,38132,115468,38243.82269901704,0,0.003985507246376811,0.0036808675219320896,0.004315250673469234,0.29333333333333333,0.24825520833333334,0.0023570760091145833,0.32375,0.0,0.5241791671037449,0.03015554092908858,0.2489832206967255,1.164551750000001,3.88183916666667
core_ber,blind_pbj,mc2_brw,snr_db,12.0,512,64,12.0,5.0,awgn,-300.0,0.0,0.0,291,151800,61,300,38132,153600,0.707122802734375,97.125,0.0,28865,2308,38132,115468,38210.436870242134,0,0.0019169960474308301,0.0017092000454307285,0.0021500004411367547,0.20333333333333334,0.24825520833333334,0.0023570760091145833,0.32375,0.0,0.7569757683835099,0.019988221845013338,0.24876586504063888,1.1669890420000009,3.889963473333336
core_ber,blind_pbj,mc2_brw,snr_db,16.0,512,64,16.0,5.0,awgn,-300.0,0.0,0.0,178,151800,40,300,38132,153600,0.707122802734375,97.125,0.0,33332,957,38132,115468,38033.78890622434,0,0.0011725955204216073,0.001012598856572046,0.0013578382507017307,0.13333333333333333,0.24825520833333334,0.0023570760091145833,0.32375,0.0,0.8741214727787685,0.008288010531056223,0.24761581319156473,1.1609662920000012,3.869887640000004
core_ber,blind_pbj,mc2_oracle,snr_db,4.0,512,64,4.0,5.0,awgn,-300.0,0.0,0.0,2967,151800,226,300,38132,153600,0.707122802734375,97.125,0.0,11822,2941,38132,115468,38383.855045797965,0,0.019545454545454546,0.018861131265399494,0.020254094026388867,0.7533333333333333,0.24825520833333334,0.0023570760091145833,0.32375,0.0,0.3100283226686248,0.025470260158658675,0.2498948896210805,1.1662303749999978,3.887434583333326
core_ber,blind_pbj,mc2_oracle,snr_db,8.0,512,64,8.0,5.0,awgn,-300.0,0.0,0.0,111,151800,38,300,38132,153600,0.707122802734375,97.125,0.0,19988,3482,38132,115468,38243.82269901704,0,0.0007312252964426877,0.0006072943119687957,0.0008804246854582696,0.12666666666666668,0.24825520833333334,0.0023570760091145833,0.32375,0.0,0.5241791671037449,0.03015554092908858,0.2489832206967255,1.168231083000002,3.8941036100000064
core_ber,blind_pbj,mc2_oracle,snr_db,12.0,512,64,12.0,5.0,awgn,-300.0,0.0,0.0,66,151800,24,300,38132,153600,0.707122802734375,97.125,0.0,28865,2308,38132,115468,38210.436870242134,0,0.0004347826086956522,0.00034179580180204884,0.000553052823339912,0.08,0.24825520833333334,0.0023570760091145833,0.32375,0.0,0.7569757683835099,0.019988221845013338,0.24876586504063888,1.1657802500000045,3.885934166666682
core_ber,blind_pbj,mc2_oracle,snr_db,16.0,512,64,16.0,5.0,awgn,-300.0,0.0,0.0,76,151800,33,300,38132,153600,0.707122802734375,97.125,0.0,33332,957,38132,115468,38033.78890622434,0,0.0005006587615283268,0.00040006097802853174,0.0006265366187323414,0.11,0.24825520833333334,0.0023570760091145833,0.32375,0.0,0.8741214727787685,0.008288010531056223,0.24761581319156473,1.1665344999999974,3.888448333333325
core_ber,sweep,random_k7,snr_db,4.0,512,64,4.0,5.0,awgn,-300.0,0.0,0.0,6343,151800,282,300,19080,153600,0.38680267333984375,54.1875,37.49330357142856,7467,1111,19080,134520,19178.370558665516,0,0.04178524374176548,0.040790189234338955,0.04280348887599414,0.94,0.12421875,0.0012893422444661459,0.180625,0.12497767857142854,0.39135220125786163,0.008258994944989592,0.12485918332464528,1.128702000000004,3.762340000000014
core_ber,sweep,random_k7,snr_db,8.0,512,64,8.0,5.0,awgn,-300.0,0.0,0.0,2312,151800,218,300,19080,153600,0.38680267333984375,54.1875,37.49330357142856,10761,998,19080,134520,19190.434172091293,0,0.01523056653491436,0.014626638925982422,0.015859028724767195,0.7266666666666667,0.12421875,0.0012893422444661459,0.180625,0.12497767857142854,0.5639937106918239,0.007418971156705322,0.12493772247455269,1.1290952920000024,3.7636509733333408
core_ber,sweep,random_k7,snr_db,12.0,512,64,12.0,5.0,awgn,-300.0,0.0,0.0,1595,151800,176,300,19080,153600,0.38680267333984375,54.1875,37.49330357142856,14785,811,19080,134520,19141.04854587287,0,0.010507246376811594,0.010006554385352579,0.01103271200032104,0.5866666666666667,0.12421875,0.0012893422444661459,0.180625,0.12497767857142854,0.774895178197065,0.006028843294677372,0.12461620147052649,1.127362790999996,3.7578759699999864
core_ber,sweep,random_k7,snr_db,16.0,512,64,16.0,5.0,awgn,-300.0,0.0,0.0,1198,151800,163,300,19080,153600,0.38680267333984375,54.1875,37.49330357142856,17017,335,19080,134520,19118.748603466076,0,0.007891963109354415,0.007459120294816194,0.008349711917586619,0.5433333333333333,0.12421875,0.0012893422444661459,0.180625,0.12497767857142854,0.8918763102725367,0.0024903360095153136,0.12447101955381559,1.1253886249999994,3.7512954166666646
core_ber,sweep,random_brw,snr_db,4.0,512,64,4.0,5.0,awgn,-300.0,0.0,0.0,1621,151800,159,300,19080,153600,0.38680267333984375,54.1875,37.49330357142856,7467,1111,19080,134520,19178.370558665516,0,0.010678524374176547,0.010173710383549642,0.01120810332833315,0.53,0.12421875,0.0012893422444661459,0.180625,0.12497767857142854,0.39135220125786163,0.008258994944989592,0.12485918332464528,1.1270925829999996,3.7569752766666653
core_ber,sweep,random_brw,snr_db,8.0,512,64,8.0,5.0,awgn,-300.0,0.0,0.0,197,151800,41,300,19080,153600,0.38680267333984375,54.1875,37.49330357142856,10761,998,19080,134520,19190.434172091293,0,0.001297760210803689,0.0011288394489621816,0.0014919207043875278,0.13666666666666666,0.12421875,0.0012893422444661459,0.180625,0.12497767857142854,0.5639937106918239,0.007418971156705322,0.12493772247455269,1.1239061670000012,3.746353890000004
core_ber,sweep,random_brw,snr_db,12.0,512,64,12.0,5.0,awgn,-300.0,0.0,0.0,36,151800,11,300,19080,153600,0.38680267333984375,54.1875,37.49330357142856,14785,811,19080,134520,19141.04854587287,0,0.00023715415019762845,0.00017131646495366988,0.00032828524533155476,0.03666666666666667,0.12421875,0.0012893422444661459,0.180625,0.12497767857142854,0.774895178197065,0.006028843294677372,0.12461620147052649,1.1318508749999978,3.7728362499999926
core_ber,sweep,random_brw,snr_db,16.0,512,64,16.0,5.0,awgn,-300.0,0.0,0.0,21,151800,7,300,19080,153600,0.38680267333984375,54.1875,37.49330357142856,17017,335,19080,134520,19118.748603466076,0,0.0001383399209486166,9.048898704960557e-05,0.00021148926580725092,0.023333333333333334,0.12421875,0.0012893422444661459,0.180625,0.12497767857142854,0.8918763102725367,0.0024903360095153136,0.12447101955381559,1.1126355000000032,3.708785000000011
core_ber,sweep,mc2_k7,snr_db,4.0,512,64,4.0,5.0,awgn,-300.0,0.0,0.0,7142,151800,285,300,19172,153600,0.42308807373046875,54.921875,0.0,7392,1159,19172,134428,19159.80032413204,0,0.04704874835309618,0.045994985758695366,0.0481254351839888,0.95,0.12481770833333333,0.0014102935791015625,0.18307291666666667,0.0,0.38556227832255374,0.008621715713988157,0.12473828336023464,1.1548731249999946,3.8495770833333154
core_ber,sweep,mc2_k7,snr_db,8.0,512,64,8.0,5.0,awgn,-300.0,0.0,0.0,2077,151800,218,300,19172,153600,0.42308807373046875,54.921875,0.0,10720,940,19172,134428,19112.81542135743,0,0.01368247694334651,0.013110271013023653,0.014279295804681532,0.7266666666666667,0.12481770833333333,0.0014102935791015625,0.18307291666666667,0.0,0.5591487586063009,0.0069925908292915165,0.1244323920661291,1.1534904999999966,3.8449683333333224
core_ber,sweep,mc2_k7,snr_db,12.0,512,64,12.0,5.0,awgn,-300.0,0.0,0.0,1599,151800,185,300,19172,153600,0.42308807373046875,54.921875,0.0,14694,836,19172,134428,19074.645058703652,0,0.010533596837944664,0.01003226845044946,0.011059697523871728,0.6166666666666667,0.12481770833333333,0.0014102935791015625,0.18307291666666667,0.0,0.7664302107239724,0.006218942482220966,0.12418388710093524,1.1575933749999976,3.8586445833333256
core_ber,sweep,mc2_k7,snr_db,16.0,512,64,16.0,5.0,awgn,-300.0,0.0,0.0,1044,151800,148,300,19172,153600,0.42308807373046875,54.921875,0.0,17072,331,19172,134428,19160.89436127896,0,0.006877470355731225,0.006474021139947183,0.007305876909524381,0.49333333333333335,0.12481770833333333,0.0014102935791015625,0.18307291666666667,0.0,0.8904652618401836,0.0024622846430803107,0.12474540599790988,1.1587811659999971,3.8626038866666565
core_ber,sweep,mc2_hard,snr_db,4.0,512,64,4.0,5.0,awgn,-300.0,0.0,0.0,4102,151800,256,300,19172,153600,0.42308807373046875,54.921875,0.0,7392,1159,19172,134428,19159.80032413204,0,0.027022397891963108,0.026218598488677268,0.027850135081857616,0.8533333333333334,0.12481770833333333,0.0014102935791015625,0.18307291666666667,0.0,0.38556227832255374,0.008621715713988157,0.12473828336023464,1.1558935420000012,3.852978473333337
core_ber,sweep,mc2_hard,snr_db,8.0,512,64,8.0,5.0,awgn,-300.0,0.0,0.0,411,151800,71,300,19172,153600,0.42308807373046875,54.921875,0.0,10720,940,19172,134428,19112.81542135743,0,0.002707509881422925,0.0024583928845106464,0.0029817952614837823,0.23666666666666666,0.12481770833333333,0.0014102935791015625,0.18307291666666667,0.0,0.5591487586063009,0.0069925908292915165,0.1244323920661291,1.1565027500000014,3.8550091666666715
core_ber,sweep,mc2_hard,snr_db,12.0,512,64,12.0,5.0,awgn,-300.0,0.0,0.0,64,151800,18,300,19172,153600,0.42308807373046875,54.921875,0.0,14694,836,19172,134428,19074.645058703652,0,0.00042160737812911727,0.00033020965571274363,0.0005382891751054349,0.06,0.12481770833333333,0.0014102935791015625,0.18307291666666667,0.0,0.7664302107239724,0.006218942482220966,0.12418388710093524,1.1524797079999942,3.841599026666647
core_ber,sweep,mc2_hard,snr_db,16.0,512,64,16.0,5.0,awgn,-300.0,0.0,0.0,23,151800,6,300,19172,153600,0.42308807373046875,54.921875,0.0,17072,331,19172,134428,19160.89436127896,0,0.00015151515151515152,0.0001009693526517239,0.000227358694528915,0.02,0.12481770833333333,0.0014102935791015625,0.18307291666666667,0.0,0.8904652618401836,0.0024622846430803107,0.12474540599790988,1.155856667000002,3.8528555566666727
core_ber,sweep,mc2_brw,snr_db,4.0,512,64,4.0,5.0,awgn,-300.0,0.0,0.0,1674,151800,170,300,19172,153600,0.42308807373046875,54.921875,0.0,7392,1159,19172,134428,19159.80032413204,0,0.011027667984189724,0.010514555744778822,0.011565527516684207,0.5666666666666667,0.12481770833333333,0.0014102935791015625,0.18307291666666667,0.0,0.38556227832255374,0.008621715713988157,0.12473828336023464,1.1482827079999964,3.8276090266666554
core_ber,sweep,mc2_brw,snr_db,8.0,512,64,8.0,5.0,awgn,-300.0,0.0,0.0,136,151800,33,300,19172,153600,0.42308807373046875,54.921875,0.0,10720,940,19172,134428,19112.81542135743,0,0.0008959156785243742,0.0007575135253357547,0.001059577901138591,0.11,0.12481770833333333,0.0014102935791015625,0.18307291666666667,0.0,0.5591487586063009,0.0069925908292915165,0.1244323920661291,1.155911040999996,3.8530368033333198
core_ber,sweep,mc2_brw,snr_db,12.0,512,64,12.0,5.0,awgn,-300.0,0.0,0.0,40,151800,12,300,19172,153600,0.42308807373046875,54.921875,0.0,14694,836,19172,134428,19074.645058703652,0,0.00026350461133069827,0.000193529477353005,0.00035877182157978437,0.04,0.12481770833333333,0.0014102935791015625,0.18307291666666667,0.0,0.7664302107239724,0.006218942482220966,0.12418388710093524,1.1545269169999983,3.848423056666661
core_ber,sweep,mc2_brw,snr_db,16.0,512,64,16.0,5.0,awgn,-300.0,0.0,0.0,12,151800,5,300,19172,153600,0.42308807373046875,54.921875,0.0,17072,331,19172,134428,19160.89436127896,0,7.905138339920949e-05,4.5222953204390014e-05,0.00013818122519544562,0.016666666666666666,0.12481770833333333,0.0014102935791015625,0.18307291666666667,0.0,0.8904652618401836,0.0024622846430803107,0.12474540599790988,1.157410542000001,3.8580351400000032
core_ber,sweep,mc2_oracle,snr_db,4.0,512,64,4.0,5.0,awgn,-300.0,0.0,0.0,143,151800,25,300,19172,153600,0.42308807373046875,54.921875,0.0,7392,1159,19172,134428,19159.80032413204,0,0.0009420289855072464,0.0007998177298450151,0.001109497976762569,0.08333333333333333,0.12481770833333333,0.0014102935791015625,0.18307291666666667,0.0,0.38556227832255374,0.008621715713988157,0.12473828336023464,1.168499208,3.8949973600000005
core_ber,sweep,mc2_oracle,snr_db,8.0,512,64,8.0,5.0,awgn,-300.0,0.0,0.0,3,151800,2,300,19172,153600,0.42308807373046875,54.921875,0.0,10720,940,19172,134428,19112.81542135743,0,1.9762845849802372e-05,6.721173288677145e-06,5.810893065413758e-05,0.006666666666666667,0.12481770833333333,0.0014102935791015625,0.18307291666666667,0.0,0.5591487586063009,0.0069925908292915165,0.1244323920661291,1.1658255420000003,3.886085140000001
core_ber,sweep,mc2_oracle,snr_db,12.0,512,64,12.0,5.0,awgn,-300.0,0.0,0.0,0,151800,0,300,19172,153600,0.42308807373046875,54.921875,0.0,14694,836,19172,134428,19074.645058703652,0,0.0,0.0,2.53054124571411e-05,0.0,0.12481770833333333,0.0014102935791015625,0.18307291666666667,0.0,0.7664302107239724,0.006218942482220966,0.12418388710093524,1.1652524579999977,3.8841748599999923
core_ber,sweep,mc2_oracle,snr_db,16.0,512,64,16.0,5.0,awgn,-300.0,0.0,0.0,0,151800,0,300,19172,153600,0.42308807373046875,54.921875,0.0,17072,331,19172,134428,19160.89436127896,0,0.0,0.0,2.53054124571411e-05,0.0,0.12481770833333333,0.0014102935791015625,0.18307291666666667,0.0,0.8904652618401836,0.0024622846430803107,0.12474540599790988,1.166564375,3.888547916666667
core_ber,reactive_d1,random_k7,snr_db,4.0,512,64,4.0,5.0,awgn,-300.0,0.0,0.0,7026,151800,280,300,19053,153600,0.3876686096191406,54.265625,37.194196428571416,7510,1128,19053,134547,19247.328364423414,0,0.04628458498023715,0.04523910310014535,0.04735302977175944,0.9333333333333333,0.12404296875,0.0012922286987304688,0.18088541666666666,0.12398065476190472,0.3941636487692227,0.008383687484670783,0.12530812737254826,1.1326170419999926,3.7753901399999754
core_ber,reactive_d1,random_k7,snr_db,8.0,512,64,8.0,5.0,awgn,-300.0,0.0,0.0,2231,151800,203,300,19053,153600,0.3876686096191406,54.265625,37.194196428571416,10733,957,19053,134547,19213.6147597432,0,0.014696969696969696,0.014103777364895495,0.015314723615740935,0.6766666666666666,0.12404296875,0.0012922286987304688,0.18088541666666666,0.12398065476190472,0.563323361150475,0.007112756137260585,0.1250886377587448,1.1296352499999927,3.7654508333333085
core_ber,reactive_d1,random_k7,snr_db,12.0,512,64,12.0,5.0,awgn,-300.0,0.0,0.0,1469,151800,187,300,19053,153600,0.3876686096191406,54.265625,37.194196428571416,14701,839,19053,134547,19106.923713251104,0,0.009677206851119894,0.009196999349979515,0.010182229993295811,0.6233333333333333,0.12404296875,0.0012922286987304688,0.18088541666666666,0.12398065476190472,0.7715845273710177,0.00623573918407694,0.12439403459147855,1.128768375000007,3.762561250000023
core_ber,reactive_d1,random_k7,snr_db,16.0,512,64,16.0,5.0,awgn,-300.0,0.0,0.0,1440,151800,155,300,19053,153600,0.3876686096191406,54.265625,37.194196428571416,16927,334,19053,134547,19021.76274133276,0,0.009486166007905139,0.009010799767619797,0.009986357557960686,0.5166666666666667,0.12404296875,0.0012922286987304688,0.18088541666666666,0.12398065476190472,0.8884165223324411,0.0024824039183333705,0.12383960118055183,1.12905233299999,3.763507776666634
core_ber,reactive_d1,random_brw,snr_db,4.0,512,64,4.0,5.0,awgn,-300.0,0.0,0.0,1846,151800,163,300,19053,153600,0.3876686096191406,54.265625,37.194196428571416,7510,1128,19053,134547,19247.328364423414,0,0.012160737812911725,0.011621591507996793,0.01272457406531152,0.5433333333333333,0.12404296875,0.0012922286987304688,0.18088541666666666,0.12398065476190472,0.3941636487692227,0.008383687484670783,0.12530812737254826,1.1306676669999973,3.768892223333325
core_ber,reactive_d1,random_brw,snr_db,8.0,512,64,8.0,5.0,awgn,-300.0,0.0,0.0,166,151800,33,300,19053,153600,0.3876686096191406,54.265625,37.194196428571416,10733,957,19053,134547,19213.6147597432,0,0.0010935441370223979,0.0009394307056720661,0.001272907635659016,0.11,0.12404296875,0.0012922286987304688,0.18088541666666666,0.12398065476190472,0.563323361150475,0.007112756137260585,0.1250886377587448,1.1245513749999958,3.74850458333332
core_ber,reactive_d1,random_brw,snr_db,12.0,512,64,12.0,5.0,awgn,-300.0,0.0,0.0,40,151800,12,300,19053,153600,0.3876686096191406,54.265625,37.194196428571416,14701,839,19053,134547,19106.923713251104,0,0.00026350461133069827,0.000193529477353005,0.00035877182157978437,0.04,0.12404296875,0.0012922286987304688,0.18088541666666666,0.12398065476190472,0.7715845273710177,0.00623573918407694,0.12439403459147855,1.126370417000004,3.7545680566666797
core_ber,reactive_d1,random_brw,snr_db,16.0,512,64,16.0,5.0,awgn,-300.0,0.0,0.0,18,151800,6,300,19053,153600,0.3876686096191406,54.265625,37.194196428571416,16927,334,19053,134547,19021.76274133276,0,0.00011857707509881423,7.501022585125673e-05,0.0001874433355199261,0.02,0.12404296875,0.0012922286987304688,0.18088541666666666,0.12398065476190472,0.8884165223324411,0.0024824039183333705,0.12383960118055183,1.1187258329999992,3.729086109999997
core_ber,reactive_d1,mc2_k7,snr_db,4.0,512,64,4.0,5.0,awgn,-300.0,0.0,0.0,512,151800,72,300,2396,153600,0.559478759765625,37.4375,0.0,969,1254,2396,151204,13334.838755283803,0,0.003372859025032938,0.0030934989086900365,0.003677353850655405,0.24,0.015598958333333333,0.00186492919921875,0.12479166666666666,0.0,0.40442404006677796,0.008293431390703949,0.08681535647971227,1.167225166999998,3.89075055666666
core_ber,reactive_d1,mc2_k7,snr_db,8.0,512,64,8.0,5.0,awgn,-300.0,0.0,0.0,185,151800,32,300,2396,153600,0.559478759765625,37.4375,0.0,1339,1096,2396,151204,10293.620711298718,0,0.0012187088274044796,0.001055371447975613,0.001407289939431402,0.10666666666666667,0.015598958333333333,0.00186492919921875,0.12479166666666666,0.0,0.5588480801335559,0.007248485489801857,0.06701575983918436,1.1793518329999984,3.9311727766666613
core_ber,reactive_d1,mc2_k7,snr_db,12.0,512,64,12.0,5.0,awgn,-300.0,0.0,0.0,160,151800,28,300,2396,153600,0.559478759765625,37.4375,0.0,1864,949,2396,151204,6802.694684362544,0,0.001054018445322793,0.0009029261996392178,0.0012303627587205168,0.09333333333333334,0.015598958333333333,0.00186492919921875,0.12479166666666666,0.0,0.7779632721202003,0.006276288987063834,0.044288376851318645,1.1596431660000093,3.8654772200000314
core_ber,reactive_d1,mc2_k7,snr_db,16.0,512,64,16.0,5.0,awgn,-300.0,0.0,0.0,134,151800,27,300,2396,153600,0.559478759765625,37.4375,0.0,2117,348,2396,151204,4444.4443391706145,0,0.0008827404479578392,0.0007454444389005733,0.00104529719324999,0.09,0.015598958333333333,0.00186492919921875,0.12479166666666666,0.0,0.8835559265442404,0.002301526414645115,0.028935184499808687,1.1569622089999996,3.856540696666665
core_ber,reactive_d1,mc2_hard,snr_db,4.0,512,64,4.0,5.0,awgn,-300.0,0.0,0.0,247,151800,48,300,2396,153600,0.559478759765625,37.4375,0.0,969,1254,2396,151204,13334.838755283803,0,0.001627140974967062,0.0014366084043916979,0.0018428966070525724,0.16,0.015598958333333333,0.00186492919921875,0.12479166666666666,0.0,0.40442404006677796,0.008293431390703949,0.08681535647971227,1.1601713339999975,3.867237779999991
core_ber,reactive_d1,mc2_hard,snr_db,8.0,512,64,8.0,5.0,awgn,-300.0,0.0,0.0,45,151800,11,300,2396,153600,0.559478759765625,37.4375,0.0,1339,1096,2396,151204,10293.620711298718,0,0.0002964426877470356,0.00022157056901436214,0.00039660521572788343,0.03666666666666667,0.015598958333333333,0.00186492919921875,0.12479166666666666,0.0,0.5588480801335559,0.007248485489801857,0.06701575983918436,1.1579911250000094,3.8599704166666986
core_ber,reactive_d1,mc2_hard,snr_db,12.0,512,64,12.0,5.0,awgn,-300.0,0.0,0.0,2,151800,2,300,2396,153600,0.559478759765625,37.4375,0.0,1864,949,2396,151204,6802.694684362544,0,1.3175230566534915e-05,3.613130875979478e-06,4.8042075904944045e-05,0.006666666666666667,0.015598958333333333,0.00186492919921875,0.12479166666666666,0.0,0.7779632721202003,0.006276288987063834,0.044288376851318645,1.1576578750000124,3.8588595833333748
core_ber,reactive_d1,mc2_hard,snr_db,16.0,512,64,16.0,5.0,awgn,-300.0,0.0,0.0,7,151800,2,300,2396,153600,0.559478759765625,37.4375,0.0,2117,348,2396,151204,4444.4443391706145,0,4.61133069828722e-05,2.2337879779048657e-05,9.519181281133091e-05,0.006666666666666667,0.015598958333333333,0.00186492919921875,0.12479166666666666,0.0,0.8835559265442404,0.002301526414645115,0.028935184499808687,1.1613860000000074,3.8712866666666907
core_ber,reactive_d1,mc2_brw,snr_db,4.0,512,64,4.0,5.0,awgn,-300.0,0.0,0.0,118,151800,23,300,2396,153600,0.559478759765625,37.4375,0.0,969,1254,2396,151204,13334.838755283803,0,0.00077733860342556,0.0006492052485049675,0.0009307380290553366,0.07666666666666666,0.015598958333333333,0.00186492919921875,0.12479166666666666,0.0,0.40442404006677796,0.008293431390703949,0.08681535647971227,1.1648435829999926,3.8828119433333086
core_ber,reactive_d1,mc2_brw,snr_db,8.0,512,64,8.0,5.0,awgn,-300.0,0.0,0.0,4,151800,2,300,2396,153600,0.559478759765625,37.4375,0.0,1339,1096,2396,151204,10293.620711298718,0,2.635046113306983e-05,1.0247225938065578e-05,6.775777516664037e-05,0.006666666666666667,0.015598958333333333,0.00186492919921875,0.12479166666666666,0.0,0.5588480801335559,0.007248485489801857,0.06701575983918436,1.1615527079999879,3.8718423599999596
core_ber,reactive_d1,mc2_brw,snr_db,12.0,512,64,12.0,5.0,awgn,-300.0,0.0,0.0,1,151800,1,300,2396,153600,0.559478759765625,37.4375,0.0,1864,949,2396,151204,6802.694684362544,0,6.587615283267457e-06,1.1628768024551411e-06,3.731743281657717e-05,0.0033333333333333335,0.015598958333333333,0.00186492919921875,0.12479166666666666,0.0,0.7779632721202003,0.006276288987063834,0.044288376851318645,1.1579856660000019,3.859952220000006
core_ber,reactive_d1,mc2_brw,snr_db,16.0,512,64,16.0,5.0,awgn,-300.0,0.0,0.0,4,151800,1,300,2396,153600,0.559478759765625,37.4375,0.0,2117,348,2396,151204,4444.4443391706145,0,2.635046113306983e-05,1.0247225938065578e-05,6.775777516664037e-05,0.0033333333333333335,0.015598958333333333,0.00186492919921875,0.12479166666666666,0.0,0.8835559265442404,0.002301526414645115,0.028935184499808687,1.1676662499999964,3.892220833333321
core_ber,reactive_d1,mc2_oracle,snr_db,4.0,512,64,4.0,5.0,awgn,-300.0,0.0,0.0,10,151800,2,300,2396,153600,0.559478759765625,37.4375,0.0,969,1254,2396,151204,13334.838755283803,0,6.587615283267457e-05,3.578421373258409e-05,0.0001212701703434691,0.006666666666666667,0.015598958333333333,0.00186492919921875,0.12479166666666666,0.0,0.40442404006677796,0.008293431390703949,0.08681535647971227,1.1685978750000032,3.8953262500000103
core_ber,reactive_d1,mc2_oracle,snr_db,8.0,512,64,8.0,5.0,awgn,-300.0,0.0,0.0,0,151800,0,300,2396,153600,0.559478759765625,37.4375,0.0,1339,1096,2396,151204,10293.620711298718,0,0.0,0.0,2.53054124571411e-05,0.0,0.015598958333333333,0.00186492919921875,0.12479166666666666,0.0,0.5588480801335559,0.007248485489801857,0.06701575983918436,1.1690344590000024,3.8967815300000073
core_ber,reactive_d1,mc2_oracle,snr_db,12.0,512,64,12.0,5.0,awgn,-300.0,0.0,0.0,0,151800,0,300,2396,153600,0.559478759765625,37.4375,0.0,1864,949,2396,151204,6802.694684362544,0,0.0,0.0,2.53054124571411e-05,0.0,0.015598958333333333,0.00186492919921875,0.12479166666666666,0.0,0.7779632721202003,0.006276288987063834,0.044288376851318645,1.1670349160000058,3.8901163866666857
core_ber,reactive_d1,mc2_oracle,snr_db,16.0,512,64,16.0,5.0,awgn,-300.0,0.0,0.0,0,151800,0,300,2396,153600,0.559478759765625,37.4375,0.0,2117,348,2396,151204,4444.4443391706145,0,0.0,0.0,2.53054124571411e-05,0.0,0.015598958333333333,0.00186492919921875,0.12479166666666666,0.0,0.8835559265442404,0.002301526414645115,0.028935184499808687,1.165447166000007,3.8848238866666898
core_ber,reactive_d2,random_k7,snr_db,4.0,512,64,4.0,5.0,awgn,-300.0,0.0,0.0,6318,151800,279,300,19212,153600,0.3991241455078125,54.734375,36.93973214285713,7393,1004,19212,134388,19095.027499168194,0,0.041620553359683794,0.040627402125842274,0.04263690355544354,0.93,0.125078125,0.001330413818359375,0.18244791666666665,0.12313244047619044,0.38481157609827193,0.0074709051403399115,0.12431658528104293,1.1339805410000139,3.7799351366667135
core_ber,reactive_d2,random_k7,snr_db,8.0,512,64,8.0,5.0,awgn,-300.0,0.0,0.0,2189,151800,216,300,19212,153600,0.3991241455078125,54.734375,36.93973214285713,10752,905,19212,134388,19176.31216164188,0,0.014420289855072464,0.01383274413590919,0.01503241116392781,0.72,0.125078125,0.001330413818359375,0.18244791666666665,0.12313244047619044,0.5596502186133666,0.006734232223115159,0.12484578230235599,1.1367560420000018,3.7891868066666725
core_ber,reactive_d2,random_k7,snr_db,12.0,512,64,12.0,5.0,awgn,-300.0,0.0,0.0,1503,151800,180,300,19212,153600,0.3991241455078125,54.734375,36.93973214285713,14774,887,19212,134388,19161.496454378645,0,0.009901185770750989,0.009415364453954536,0.010411811392825095,0.6,0.125078125,0.001330413818359375,0.18244791666666665,0.12313244047619044,0.7689985425775557,0.006600291692710659,0.12474932587486097,1.1337698749999987,3.779232916666662
core_ber,reactive_d2,random_k7,snr_db,16.0,512,64,16.0,5.0,awgn,-300.0,0.0,0.0,1068,151800,162,300,19212,153600,0.3991241455078125,54.734375,36.93973214285713,17039,348,19212,134388,19120.58409390625,0,0.007035573122529644,0.0066274041206264706,0.007468691460730483,0.54,0.125078125,0.001330413818359375,0.18244791666666665,0.12313244047619044,0.8868936081615657,0.0025895169211536746,0.12448296936136882,1.1269135000000006,3.7563783333333354
core_ber,reactive_d2,random_brw,snr_db,4.0,512,64,4.0,5.0,awgn,-300.0,0.0,0.0,1902,151800,170,300,19212,153600,0.3991241455078125,54.734375,36.93973214285713,7393,1004,19212,134388,19095.027499168194,0,0.012529644268774703,0.011982294962604853,0.013101664851769368,0.5666666666666667,0.125078125,0.001330413818359375,0.18244791666666665,0.12313244047619044,0.38481157609827193,0.0074709051403399115,0.12431658528104293,1.12476525000001,3.749217500000033
core_ber,reactive_d2,random_brw,snr_db,8.0,512,64,8.0,5.0,awgn,-300.0,0.0,0.0,148,151800,37,300,19212,153600,0.3991241455078125,54.734375,36.93973214285713,10752,905,19212,134388,19176.31216164188,0,0.0009749670619235836,0.0008300915833854472,0.0011450986090315934,0.12333333333333334,0.125078125,0.001330413818359375,0.18244791666666665,0.12313244047619044,0.5596502186133666,0.006734232223115159,0.12484578230235599,1.1230742080000056,3.7435806933333513
core_ber,reactive_d2,random_brw,snr_db,12.0,512,64,12.0,5.0,awgn,-300.0,0.0,0.0,39,151800,12,300,19212,153600,0.3991241455078125,54.734375,36.93973214285713,14774,887,19212,134388,19161.496454378645,0,0.00025691699604743083,0.00018795654226432782,0.00035116985950657043,0.04,0.125078125,0.001330413818359375,0.18244791666666665,0.12313244047619044,0.7689985425775557,0.006600291692710659,0.12474932587486097,1.1243192499999992,3.74773083333333
core_ber,reactive_d2,random_brw,snr_db,16.0,512,64,16.0,5.0,awgn,-300.0,0.0,0.0,12,151800,3,300,19212,153600,0.3991241455078125,54.734375,36.93973214285713,17039,348,19212,134388,19120.58409390625,0,7.905138339920949e-05,4.5222953204390014e-05,0.00013818122519544562,0.01,0.125078125,0.001330413818359375,0.18244791666666665,0.12313244047619044,0.8868936081615657,0.0025895169211536746,0.12448296936136882,1.1198915000000085,3.7329716666666943
core_ber,reactive_d2,mc2_k7,snr_db,4.0,512,64,4.0,5.0,awgn,-300.0,0.0,0.0,1664,151800,144,300,4877,153600,1.0146369934082031,45.109375,0.0,1875,1209,4877,148723,14154.848180797213,0,0.01096179183135705,0.010450234810250744,0.01149809947959337,0.48,0.031751302083333335,0.003382123311360677,0.15036458333333333,0.0,0.38445765839655527,0.008129206645912199,0.09215395951039852,1.1628060000000033,3.8760200000000107
core_ber,reactive_d2,mc2_k7,snr_db,8.0,512,64,8.0,5.0,awgn,-300.0,0.0,0.0,546,151800,78,300,4877,153600,1.0146369934082031,45.109375,0.0,2682,1025,4877,148723,11522.925660824376,0,0.0035968379446640318,0.0033079864906525127,0.003910812772197229,0.26,0.031751302083333335,0.003382123311360677,0.15036458333333333,0.0,0.5499282345704326,0.006892007288717952,0.07501904727099203,1.1608552500000116,3.869517500000038
core_ber,reactive_d2,mc2_k7,snr_db,12.0,512,64,12.0,5.0,awgn,-300.0,0.0,0.0,516,151800,67,300,4877,153600,1.0146369934082031,45.109375,0.0,3753,972,4877,148723,8607.890366836491,0,0.003399209486166008,0.0031187165808009157,0.0037048357671920903,0.22333333333333333,0.031751302083333335,0.003382123311360677,0.15036458333333333,0.0,0.769530449046545,0.00653564008256961,0.05604095290909174,1.162410707999996,3.874702359999986
core_ber,reactive_d2,mc2_k7,snr_db,16.0,512,64,16.0,5.0,awgn,-300.0,0.0,0.0,312,151800,47,300,4877,153600,1.0146369934082031,45.109375,0.0,4382,425,4877,148723,6686.538183930082,0,0.0020553359683794467,0.0018397634801333744,0.0022961098468338246,0.15666666666666668,0.031751302083333335,0.003382123311360677,0.15036458333333333,0.0,0.8985031781833094,0.002857661558736712,0.04353214963496147,1.1704902500000003,3.9016341666666676
core_ber,reactive_d2,mc2_hard,snr_db,4.0,512,64,4.0,5.0,awgn,-300.0,0.0,0.0,972,151800,100,300,4877,153600,1.0146369934082031,45.109375,0.0,1875,1209,4877,148723,14154.848180797213,0,0.006403162055335968,0.006014213890283516,0.00681709156353188,0.3333333333333333,0.031751302083333335,0.003382123311360677,0.15036458333333333,0.0,0.38445765839655527,0.008129206645912199,0.09215395951039852,1.163433083000001,3.87811027666667
core_ber,reactive_d2,mc2_hard,snr_db,8.0,512,64,8.0,5.0,awgn,-300.0,0.0,0.0,105,151800,21,300,4877,153600,1.0146369934082031,45.109375,0.0,2682,1025,4877,148723,11522.925660824376,0,0.000691699604743083,0.0005714766693377309,0.0008371929451179874,0.07,0.031751302083333335,0.003382123311360677,0.15036458333333333,0.0,0.5499282345704326,0.006892007288717952,0.07501904727099203,1.168069709000008,3.8935656966666934
core_ber,reactive_d2,mc2_hard,snr_db,12.0,512,64,12.0,5.0,awgn,-300.0,0.0,0.0,31,151800,8,300,4877,153600,1.0146369934082031,45.109375,0.0,3753,972,4877,148723,8607.890366836491,0,0.00020421607378129117,0.00014387952586063962,0.000289847698615129,0.02666666666666667,0.031751302083333335,0.003382123311360677,0.15036458333333333,0.0,0.769530449046545,0.00653564008256961,0.05604095290909174,1.1626220419999953,3.8754068066666516
core_ber,reactive_d2,mc2_hard,snr_db,16.0,512,64,16.0,5.0,awgn,-300.0,0.0,0.0,8,151800,2,300,4877,153600,1.0146369934082031,45.109375,0.0,4382,425,4877,148723,6686.538183930082,0,5.270092226613966e-05,2.6705101953434e-05,0.0001039994877988368,0.006666666666666667,0.031751302083333335,0.003382123311360677,0.15036458333333333,0.0,0.8985031781833094,0.002857661558736712,0.04353214963496147,1.154212415999993,3.847374719999977
core_ber,reactive_d2,mc2_brw,snr_db,4.0,512,64,4.0,5.0,awgn,-300.0,0.0,0.0,450,151800,58,300,4877,153600,1.0146369934082031,45.109375,0.0,1875,1209,4877,148723,14154.848180797213,0,0.0029644268774703555,0.0027032311877497736,0.0032507779475584118,0.19333333333333333,0.031751302083333335,0.003382123311360677,0.15036458333333333,0.0,0.38445765839655527,0.008129206645912199,0.09215395951039852,1.1552607080000001,3.8508690266666674
core_ber,reactive_d2,mc2_brw,snr_db,8.0,512,64,8.0,5.0,awgn,-300.0,0.0,0.0,54,151800,10,300,4877,153600,1.0146369934082031,45.109375,0.0,2682,1025,4877,148723,11522.925660824376,0,0.00035573122529644266,0.0002726744260869989,0.0004640754331122675,0.03333333333333333,0.031751302083333335,0.003382123311360677,0.15036458333333333,0.0,0.5499282345704326,0.006892007288717952,0.07501904727099203,1.1503664589999971,3.8345548633333237
core_ber,reactive_d2,mc2_brw,snr_db,12.0,512,64,12.0,5.0,awgn,-300.0,0.0,0.0,8,151800,2,300,4877,153600,1.0146369934082031,45.109375,0.0,3753,972,4877,148723,8607.890366836491,0,5.270092226613966e-05,2.6705101953434e-05,0.0001039994877988368,0.006666666666666667,0.031751302083333335,0.003382123311360677,0.15036458333333333,0.0,0.769530449046545,0.00653564008256961,0.05604095290909174,1.1515679580000011,3.8385598600000033
core_ber,reactive_d2,mc2_brw,snr_db,16.0,512,64,16.0,5.0,awgn,-300.0,0.0,0.0,0,151800,0,300,4877,153600,1.0146369934082031,45.109375,0.0,4382,425,4877,148723,6686.538183930082,0,0.0,0.0,2.53054124571411e-05,0.0,0.031751302083333335,0.003382123311360677,0.15036458333333333,0.0,0.8985031781833094,0.002857661558736712,0.04353214963496147,1.154546874999994,3.8484895833333135
core_ber,reactive_d2,mc2_oracle,snr_db,4.0,512,64,4.0,5.0,awgn,-300.0,0.0,0.0,29,151800,7,300,4877,153600,1.0146369934082031,45.109375,0.0,1875,1209,4877,148723,14154.848180797213,0,0.00019104084321475625,0.00013302463343110182,0.00027435279672088437,0.023333333333333334,0.031751302083333335,0.003382123311360677,0.15036458333333333,0.0,0.38445765839655527,0.008129206645912199,0.09215395951039852,1.1574339590000022,3.858113196666674
core_ber,reactive_d2,mc2_oracle,snr_db,8.0,512,64,8.0,5.0,awgn,-300.0,0.0,0.0,0,151800,0,300,4877,153600,1.0146369934082031,45.109375,0.0,2682,1025,4877,148723,11522.925660824376,0,0.0,0.0,2.53054124571411e-05,0.0,0.031751302083333335,0.003382123311360677,0.15036458333333333,0.0,0.5499282345704326,0.006892007288717952,0.07501904727099203,1.1576166669999992,3.858722223333331
core_ber,reactive_d2,mc2_oracle,snr_db,12.0,512,64,12.0,5.0,awgn,-300.0,0.0,0.0,0,151800,0,300,4877,153600,1.0146369934082031,45.109375,0.0,3753,972,4877,148723,8607.890366836491,0,0.0,0.0,2.53054124571411e-05,0.0,0.031751302083333335,0.003382123311360677,0.15036458333333333,0.0,0.769530449046545,0.00653564008256961,0.05604095290909174,1.1684712909999888,3.8949043033332966
core_ber,reactive_d2,mc2_oracle,snr_db,16.0,512,64,16.0,5.0,awgn,-300.0,0.0,0.0,0,151800,0,300,4877,153600,1.0146369934082031,45.109375,0.0,4382,425,4877,148723,6686.538183930082,0,0.0,0.0,2.53054124571411e-05,0.0,0.031751302083333335,0.003382123311360677,0.15036458333333333,0.0,0.8985031781833094,0.002857661558736712,0.04353214963496147,1.161934125000002,3.873113750000007
core_ber,reactive_union2,random_k7,snr_db,4.0,512,64,4.0,5.0,awgn,-300.0,0.0,0.0,6537,151800,268,300,31718,153600,1.2991867065429688,90.28125,37.59598214285715,10613,2974,31718,121882,37543.21242068351,0,0.043063241106719365,0.042053560062987966,0.04409604809675202,0.8933333333333333,0.20649739583333335,0.004330622355143229,0.3009375,0.12531994047619052,0.3346049561763037,0.02440064980883149,0.24442195586382492,1.1367667919999889,3.7892226399999633
core_ber,reactive_union2,random_k7,snr_db,8.0,512,64,8.0,5.0,awgn,-300.0,0.0,0.0,1632,151800,165,300,31718,153600,1.2991867065429688,90.28125,37.59598214285715,17458,3784,31718,121882,36304.50446580592,0,0.01075098814229249,0.010244440495341399,0.011282297085322196,0.55,0.20649739583333335,0.004330622355143229,0.3009375,0.12531994047619052,0.550413014691973,0.031046421949098308,0.23635745094925728,1.126480333999993,3.7549344466666437
core_ber,reactive_union2,random_k7,snr_db,12.0,512,64,12.0,5.0,awgn,-300.0,0.0,0.0,950,151800,126,300,31718,153600,1.2991867065429688,90.28125,37.59598214285715,24373,2324,31718,121882,34239.39517100319,0,0.006258234519104084,0.005873825576264317,0.006667632139989475,0.42,0.20649739583333335,0.004330622355143229,0.3009375,0.12531994047619052,0.768428021943376,0.019067622782691456,0.22291272897788536,1.1238715419999892,3.7462384733332974
core_ber,reactive_union2,random_k7,snr_db,16.0,512,64,16.0,5.0,awgn,-300.0,0.0,0.0,756,151800,108,300,31718,153600,1.2991867065429688,90.28125,37.59598214285715,28027,1081,31718,121882,33021.23987948775,0,0.004980237154150198,0.004638424689539436,0.00534710297730746,0.36,0.20649739583333335,0.004330622355143229,0.3009375,0.12531994047619052,0.8836307459486726,0.008869234177319047,0.21498203046541506,1.1280480830000101,3.7601602766667006
core_ber,reactive_union2,random_brw,snr_db,4.0,512,64,4.0,5.0,awgn,-300.0,0.0,0.0,3738,151800,227,300,31718,153600,1.2991867065429688,90.28125,37.59598214285715,10613,2974,31718,121882,37543.21242068351,0,0.024624505928853756,0.023856834507457934,0.02541623649614855,0.7566666666666667,0.20649739583333335,0.004330622355143229,0.3009375,0.12531994047619052,0.3346049561763037,0.02440064980883149,0.24442195586382492,1.1262878330000063,3.7542927766666874
core_ber,reactive_union2,random_brw,snr_db,8.0,512,64,8.0,5.0,awgn,-300.0,0.0,0.0,500,151800,81,300,31718,153600,1.2991867065429688,90.28125,37.59598214285715,17458,3784,31718,121882,36304.50446580592,0,0.0032938076416337285,0.0030178729119433854,0.003594881081459361,0.27,0.20649739583333335,0.004330622355143229,0.3009375,0.12531994047619052,0.550413014691973,0.031046421949098308,0.23635745094925728,1.125041166999992,3.750137223333307
core_ber,reactive_union2,random_brw,snr_db,12.0,512,64,12.0,5.0,awgn,-300.0,0.0,0.0,201,151800,45,300,31718,153600,1.2991867065429688,90.28125,37.59598214285715,24373,2324,31718,121882,34239.39517100319,0,0.001324110671936759,0.0011533667239918802,0.0015200930180053946,0.15,0.20649739583333335,0.004330622355143229,0.3009375,0.12531994047619052,0.768428021943376,0.019067622782691456,0.22291272897788536,1.1231258330000031,3.7437527766666774
core_ber,reactive_union2,random_brw,snr_db,16.0,512,64,16.0,5.0,awgn,-300.0,0.0,0.0,84,151800,23,300,31718,153600,1.2991867065429688,90.28125,37.59598214285715,28027,1081,31718,121882,33021.23987948775,0,0.0005533596837944664,0.00044702367054549625,0.0006849731035105063,0.07666666666666666,0.20649739583333335,0.004330622355143229,0.3009375,0.12531994047619052,0.8836307459486726,0.008869234177319047,0.21498203046541506,1.121792499999998,3.7393083333333266
core_ber,reactive_union2,mc2_k7,snr_db,4.0,512,64,4.0,5.0,awgn,-300.0,0.0,0.0,507,151800,65,300,2269,153600,0.5140571594238281,35.453125,0.0,1037,3763,2269,151331,30761.148078232043,0,0.0033399209486166008,0.003061983107853116,0.003642995165682869,0.21666666666666667,0.014772135416666667,0.0017135238647460937,0.11817708333333334,0.0,0.45702952842661965,0.02486602216333732,0.2002678911343232,1.1660531249999906,3.8868437499999686
core_ber,reactive_union2,mc2_k7,snr_db,8.0,512,64,8.0,5.0,awgn,-300.0,0.0,0.0,171,151800,32,300,2269,153600,0.5140571594238281,35.453125,0.0,1477,4584,2269,151331,23301.5191490463,0,0.0011264822134387353,0.0009698924784042342,0.0013083203487363041,0.10666666666666667,0.014772135416666667,0.0017135238647460937,0.11817708333333334,0.0,0.6509475539885412,0.030291215943858165,0.1517025986266035,1.1619919169999946,3.873306389999982
core_ber,reactive_union2,mc2_k7,snr_db,12.0,512,64,12.0,5.0,awgn,-300.0,0.0,0.0,92,151800,20,300,2269,153600,0.5140571594238281,35.453125,0.0,1841,2967,2269,151331,14051.542213847884,0,0.0006060606060606061,0.0004942511123007345,0.000743144839050398,0.06666666666666667,0.014772135416666667,0.0017135238647460937,0.11817708333333334,0.0,0.8113706478624945,0.019606029167850605,0.09148139462140549,1.1597861249999823,3.865953749999941
core_ber,reactive_union2,mc2_k7,snr_db,16.0,512,64,16.0,5.0,awgn,-300.0,0.0,0.0,133,151800,29,300,2269,153600,0.5140571594238281,35.453125,0.0,2072,1299,2269,151331,8233.031616094655,0,0.0008761528326745718,0.0007394129766080369,0.0010381537583806352,0.09666666666666666,0.014772135416666667,0.0017135238647460937,0.11817708333333334,0.0,0.9131776112825033,0.008583832790373419,0.05360046625061624,1.1594819170000221,3.864939723333407
core_ber,reactive_union2,mc2_hard,snr_db,4.0,512,64,4.0,5.0,awgn,-300.0,0.0,0.0,248,151800,32,300,2269,153600,0.5140571594238281,35.453125,0.0,1037,3763,2269,151331,30761.148078232043,0,0.0016337285902503294,0.001442787306499226,0.0018498926021069354,0.10666666666666667,0.014772135416666667,0.0017135238647460937,0.11817708333333334,0.0,0.45702952842661965,0.02486602216333732,0.2002678911343232,1.1635666669999978,3.8785555566666594
core_ber,reactive_union2,mc2_hard,snr_db,8.0,512,64,8.0,5.0,awgn,-300.0,0.0,0.0,22,151800,7,300,2269,153600,0.5140571594238281,35.453125,0.0,1477,4584,2269,151331,23301.5191490463,0,0.00014492753623188405,9.571448849355915e-05,0.0002194386615251886,0.023333333333333334,0.014772135416666667,0.0017135238647460937,0.11817708333333334,0.0,0.6509475539885412,0.030291215943858165,0.1517025986266035,1.170054250000021,3.9001808333334034
core_ber,reactive_union2,mc2_hard,snr_db,12.0,512,64,12.0,5.0,awgn,-300.0,0.0,0.0,0,151800,0,300,2269,153600,0.5140571594238281,35.453125,0.0,1841,2967,2269,151331,14051.542213847884,0,0.0,0.0,2.53054124571411e-05,0.0,0.014772135416666667,0.0017135238647460937,0.11817708333333334,0.0,0.8113706478624945,0.019606029167850605,0.09148139462140549,1.1639095409999811,3.879698469999937
core_ber,reactive_union2,mc2_hard,snr_db,16.0,512,64,16.0,5.0,awgn,-300.0,0.0,0.0,0,151800,0,300,2269,153600,0.5140571594238281,35.453125,0.0,2072,1299,2269,151331,8233.031616094655,0,0.0,0.0,2.53054124571411e-05,0.0,0.014772135416666667,0.0017135238647460937,0.11817708333333334,0.0,0.9131776112825033,0.008583832790373419,0.05360046625061624,1.1639112919999945,3.8797043066666483
core_ber,reactive_union2,mc2_brw,snr_db,4.0,512,64,4.0,5.0,awgn,-300.0,0.0,0.0,127,151800,24,300,2269,153600,0.5140571594238281,35.453125,0.0,1037,3763,2269,151331,30761.148078232043,0,0.0008366271409749671,0.000703268819661455,0.00099524853235587,0.08,0.014772135416666667,0.0017135238647460937,0.11817708333333334,0.0,0.45702952842661965,0.02486602216333732,0.2002678911343232,1.1680720829999984,3.893573609999995
core_ber,reactive_union2,mc2_brw,snr_db,8.0,512,64,8.0,5.0,awgn,-300.0,0.0,0.0,6,151800,2,300,2269,153600,0.5140571594238281,35.453125,0.0,1477,4584,2269,151331,23301.5191490463,0,3.9525691699604744e-05,1.8115100932528393e-05,8.623969449595997e-05,0.006666666666666667,0.014772135416666667,0.0017135238647460937,0.11817708333333334,0.0,0.6509475539885412,0.030291215943858165,0.1517025986266035,1.16940145800001,3.8980048600000337
core_ber,reactive_union2,mc2_brw,snr_db,12.0,512,64,12.0,5.0,awgn,-300.0,0.0,0.0,3,151800,1,300,2269,153600,0.5140571594238281,35.453125,0.0,1841,2967,2269,151331,14051.542213847884,0,1.9762845849802372e-05,6.721173288677145e-06,5.810893065413758e-05,0.0033333333333333335,0.014772135416666667,0.0017135238647460937,0.11817708333333334,0.0,0.8113706478624945,0.019606029167850605,0.09148139462140549,1.1652687920000062,3.8842293066666875
core_ber,reactive_union2,mc2_brw,snr_db,16.0,512,64,16.0,5.0,awgn,-300.0,0.0,0.0,1,151800,1,300,2269,153600,0.5140571594238281,35.453125,0.0,2072,1299,2269,151331,8233.031616094655,0,6.587615283267457e-06,1.1628768024551411e-06,3.731743281657717e-05,0.0033333333333333335,0.014772135416666667,0.0017135238647460937,0.11817708333333334,0.0,0.9131776112825033,0.008583832790373419,0.05360046625061624,1.160122584000021,3.8670752800000705
core_ber,reactive_union2,mc2_oracle,snr_db,4.0,512,64,4.0,5.0,awgn,-300.0,0.0,0.0,14,151800,3,300,2269,153600,0.5140571594238281,35.453125,0.0,1037,3763,2269,151331,30761.148078232043,0,9.22266139657444e-05,5.494053488377325e-05,0.0001548134378398448,0.01,0.014772135416666667,0.0017135238647460937,0.11817708333333334,0.0,0.45702952842661965,0.02486602216333732,0.2002678911343232,1.1652646249999918,3.8842154166666396
core_ber,reactive_union2,mc2_oracle,snr_db,8.0,512,64,8.0,5.0,awgn,-300.0,0.0,0.0,0,151800,0,300,2269,153600,0.5140571594238281,35.453125,0.0,1477,4584,2269,151331,23301.5191490463,0,0.0,0.0,2.53054124571411e-05,0.0,0.014772135416666667,0.0017135238647460937,0.11817708333333334,0.0,0.6509475539885412,0.030291215943858165,0.1517025986266035,1.1681963749999795,3.8939879166665983
core_ber,reactive_union2,mc2_oracle,snr_db,12.0,512,64,12.0,5.0,awgn,-300.0,0.0,0.0,0,151800,0,300,2269,153600,0.5140571594238281,35.453125,0.0,1841,2967,2269,151331,14051.542213847884,0,0.0,0.0,2.53054124571411e-05,0.0,0.014772135416666667,0.0017135238647460937,0.11817708333333334,0.0,0.8113706478624945,0.019606029167850605,0.09148139462140549,1.1692321669999899,3.897440556666633
core_ber,reactive_union2,mc2_oracle,snr_db,16.0,512,64,16.0,5.0,awgn,-300.0,0.0,0.0,0,151800,0,300,2269,153600,0.5140571594238281,35.453125,0.0,2072,1299,2269,151331,8233.031616094655,0,0.0,0.0,2.53054124571411e-05,0.0,0.014772135416666667,0.0017135238647460937,0.11817708333333334,0.0,0.9131776112825033,0.008583832790373419,0.05360046625061624,1.1673522499999933,3.8911741666666444
delay_ablation,reactive_d1,random_k7,delay,1,512,64,12.0,5.0,awgn,-300.0,0.0,0.0,1051,101200,124,200,12823,102400,0.2754402160644531,36.84375,25.06026785714285,9938,565,12823,89577,12862.926165571502,0,0.010385375494071146,0.009779095518987604,0.011028824698917857,0.62,0.125224609375,0.0013772010803222655,0.18421875,0.12530133928571424,0.7750136473524136,0.0063074226642999874,0.1256145133356592,0.7507270420000225,3.7536352100001125
delay_ablation,reactive_d1,mc1_k7,delay,1,512,64,12.0,5.0,awgn,-300.0,0.0,0.0,104,101200,19,200,1670,102400,0.4049224853515625,26.09375,0.0,1301,590,1670,100730,4572.601523444935,0,0.0010276679841897233,0.0008482987460974689,0.0012449168450013241,0.095,0.01630859375,0.0020246124267578125,0.13046875,0.0,0.7790419161676647,0.0058572421324332375,0.04465431175239194,0.7709237910000013,3.8546189550000065
delay_ablation,reactive_d1,mc2_k7,delay,1,512,64,12.0,5.0,awgn,-300.0,0.0,0.0,104,101200,19,200,1670,102400,0.4049224853515625,26.09375,0.0,1301,601,1670,100730,4585.435926529157,0,0.0010276679841897233,0.0008482987460974689,0.0012449168450013241,0.095,0.01630859375,0.0020246124267578125,0.13046875,0.0,0.7790419161676647,0.005966444951851484,0.0447796477200113,0.7734479579999913,3.8672397899999567
delay_ablation,reactive_d1,mc4_k7,delay,1,512,64,12.0,5.0,awgn,-300.0,0.0,0.0,104,101200,19,200,1670,102400,0.4049224853515625,26.09375,0.0,1301,619,1670,100730,4579.854325568698,0,0.0010276679841897233,0.0008482987460974689,0.0012449168450013241,0.095,0.01630859375,0.0020246124267578125,0.13046875,0.0,0.7790419161676647,0.006145140474535888,0.044725139898131816,0.7737942500000088,3.868971250000044
delay_ablation,reactive_d1,mc6_k7,delay,1,512,64,12.0,5.0,awgn,-300.0,0.0,0.0,104,101200,19,200,1670,102400,0.4049224853515625,26.09375,0.0,1301,607,1670,100730,4565.242924685768,0,0.0010276679841897233,0.0008482987460974689,0.0012449168450013241,0.095,0.01630859375,0.0020246124267578125,0.13046875,0.0,0.7790419161676647,0.006026010126079619,0.04458245043638445,0.7716538340000056,3.8582691700000282
delay_ablation,reactive_d2,random_k7,delay,2,512,64,12.0,5.0,awgn,-300.0,0.0,0.0,1030,101200,118,200,12775,102400,0.2648887634277344,36.5,24.712053571428577,9830,596,12775,89625,12755.420993190897,0,0.010177865612648222,0.00957779710510897,0.01081511910312074,0.59,0.124755859375,0.0013244438171386718,0.1825,0.12356026785714289,0.7694716242661448,0.006649930264993027,0.12456465813662985,0.7518426660000159,3.7592133300000796
delay_ablation,reactive_d2,mc1_k7,delay,2,512,64,12.0,5.0,awgn,-300.0,0.0,0.0,1435,101200,144,200,14162,102400,0.31247711181640625,39.78125,0.0,10834,590,14162,88238,13734.020301218823,0,0.014179841897233201,0.013469625291086564,0.014926939675175561,0.72,0.13830078125,0.0015623855590820312,0.19890625,0.0,0.7650049428046886,0.006686461615177134,0.13412129200409006,0.7742143750000139,3.8710718750000694
delay_ablation,reactive_d2,mc2_k7,delay,2,512,64,12.0,5.0,awgn,-300.0,0.0,0.0,321,101200,45,200,3230,102400,0.6683349609375,29.953125,0.0,2463,659,3230,99170,5706.007734134112,0,0.0031719367588932804,0.0028438470994056504,0.0035377432583426115,0.225,0.03154296875,0.0033416748046875,0.149765625,0.0,0.7625386996904024,0.006645154784713119,0.05572273177865344,0.774489458000005,3.872447290000025
delay_ablation,reactive_d2,mc4_k7,delay,2,512,64,12.0,5.0,awgn,-300.0,0.0,0.0,321,101200,45,200,3230,102400,0.6683349609375,29.953125,0.0,2463,632,3230,99170,5690.284136809982,0,0.0031719367588932804,0.0028438470994056504,0.0035377432583426115,0.225,0.03154296875,0.0033416748046875,0.149765625,0.0,0.7625386996904024,0.00637289502873853,0.055569181023534975,0.7774559590000081,3.8872797950000404
delay_ablation,reactive_d2,mc6_k7,delay,2,512,64,12.0,5.0,awgn,-300.0,0.0,0.0,321,101200,45,200,3230,102400,0.6683349609375,29.953125,0.0,2463,640,3230,99170,5714.594584510354,0,0.0031719367588932804,0.0028438470994056504,0.0035377432583426115,0.225,0.03154296875,0.0033416748046875,0.149765625,0.0,0.7625386996904024,0.006453564586064334,0.055806587739358926,0.7771574579999765,3.8857872899998824
delay_ablation,reactive_d3,random_k7,delay,3,512,64,12.0,5.0,awgn,-300.0,0.0,0.0,1094,101200,117,200,13017,102400,0.2541084289550781,36.28125,24.660714285714285,10047,554,13017,89383,12950.467880128816,0,0.010810276679841897,0.010191474353318231,0.011466215979637585,0.585,0.127119140625,0.0012705421447753906,0.18140625,0.12330357142857143,0.7718368287623877,0.00619804660841547,0.12646941289188296,0.7514130840000064,3.757065420000032
delay_ablation,reactive_d3,mc1_k7,delay,3,512,64,12.0,5.0,awgn,-300.0,0.0,0.0,995,101200,118,200,12659,102400,0.2724189758300781,36.796875,0.0,9831,570,12659,89741,12753.876311061045,0,0.00983201581027668,0.009242446322344767,0.010458796536425348,0.59,0.123623046875,0.0013620948791503906,0.183984375,0.0,0.7766016273007347,0.006351611860799412,0.12454957335020551,0.774387666999985,3.871938334999925
delay_ablation,reactive_d3,mc2_k7,delay,3,512,64,12.0,5.0,awgn,-300.0,0.0,0.0,1570,101200,149,200,15561,102400,0.4127159118652344,44.59375,0.0,12053,561,15561,86839,14905.90340692869,0,0.015513833992094862,0.014770599965187498,0.016293847920418766,0.745,0.151962890625,0.002063579559326172,0.22296875,0.0,0.7745646166698799,0.006460231002199473,0.14556546295828798,0.7757191249999948,3.8785956249999742
delay_ablation,reactive_d3,mc4_k7,delay,3,512,64,12.0,5.0,awgn,-300.0,0.0,0.0,295,101200,54,200,4797,102400,0.8324699401855469,31.578125,0.0,3734,617,4797,97603,6910.863971777346,0,0.00291501976284585,0.0026012007918351067,0.003266575077743173,0.27,0.046845703125,0.004162349700927734,0.157890625,0.0,0.778403168647071,0.006321527002243784,0.06748890597438814,0.7773018329999957,3.8865091649999783
delay_ablation,reactive_d3,mc6_k7,delay,3,512,64,12.0,5.0,awgn,-300.0,0.0,0.0,295,101200,54,200,4797,102400,0.8324699401855469,31.578125,0.0,3734,614,4797,97603,6910.360416947361,0,0.00291501976284585,0.0026012007918351067,0.003266575077743173,0.27,0.046845703125,0.004162349700927734,0.157890625,0.0,0.778403168647071,0.006290790242103214,0.06748398844675157,0.7766132909999897,3.8830664549999483
delay_ablation,reactive_d4,random_k7,delay,4,512,64,12.0,5.0,awgn,-300.0,0.0,0.0,943,101200,122,200,12896,102400,0.26877593994140625,36.515625,24.921875,9883,505,12896,89504,12814.219988085757,0,0.009318181818181817,0.008744567744516834,0.009929046137913315,0.61,0.1259375,0.0013438796997070313,0.182578125,0.124609375,0.7663616625310173,0.0056422059349302825,0.12513886707114996,0.7552140840000163,3.7760704200000816
delay_ablation,reactive_d4,mc1_k7,delay,4,512,64,12.0,5.0,awgn,-300.0,0.0,0.0,1021,101200,111,200,12809,102400,0.2566947937011719,36.515625,0.0,9879,564,12809,89591,12807.03728589409,0,0.01008893280632411,0.009491546293744029,0.010723511053196067,0.555,0.125087890625,0.0012834739685058593,0.182578125,0.0,0.7712545866187837,0.006295275195053075,0.1250687234950595,0.775522957999982,3.8776147899999103
delay_ablation,reactive_d4,mc2_k7,delay,4,512,64,12.0,5.0,awgn,-300.0,0.0,0.0,1201,101200,122,200,13484,102400,0.26653289794921875,37.75,0.0,10390,558,13484,88916,13294.505764126869,0,0.011867588932806324,0.011218687133958545,0.012553547438773736,0.61,0.1316796875,0.0013326644897460938,0.18875,0.0,0.7705428656185108,0.006275585946286383,0.12982915785280144,0.7750009999999747,3.8750049999998737
delay_ablation,reactive_d4,mc4_k7,delay,4,512,64,12.0,5.0,awgn,-300.0,0.0,0.0,539,101200,71,200,6527,102400,0.9444236755371094,33.59375,0.0,5011,589,6527,95873,8145.370342323821,0,0.005326086956521739,0.0048960412692562166,0.005793685950840359,0.355,0.063740234375,0.004722118377685547,0.16796875,0.0,0.7677340278841734,0.0061435440635006725,0.07954463224925606,0.7748842080000031,3.8744210400000156
delay_ablation,reactive_d4,mc6_k7,delay,4,512,64,12.0,5.0,awgn,-300.0,0.0,0.0,539,101200,71,200,6527,102400,0.9444236755371094,33.59375,0.0,5011,606,6527,95873,8151.13871568276,0,0.005326086956521739,0.0048960412692562166,0.005793685950840359,0.355,0.063740234375,0.004722118377685547,0.16796875,0.0,0.7677340278841734,0.006320861973652644,0.07960096402033946,0.7721737079999969,3.8608685399999843
delay_ablation,reactive_d5,random_k7,delay,5,512,64,12.0,5.0,awgn,-300.0,0.0,0.0,1135,101200,122,200,12724,102400,0.24654388427734375,35.890625,24.850446428571423,9750,579,12724,89676,12669.591027019096,0,0.011215415019762845,0.010584906987845335,0.011883029268763147,0.61,0.1242578125,0.0012327194213867187,0.179453125,0.12425223214285712,0.7662684690348947,0.00645657701057139,0.12372647487323336,0.7479377079999949,3.7396885399999746
delay_ablation,reactive_d5,mc1_k7,delay,5,512,64,12.0,5.0,awgn,-300.0,0.0,0.0,1024,101200,116,200,12723,102400,0.2619667053222656,36.484375,0.0,9863,548,12723,89677,12750.963519844234,0,0.010118577075098814,0.009520295217773294,0.010754048416263338,0.58,0.124248046875,0.0013098335266113282,0.182421875,0.0,0.7752102491550735,0.006110819942683185,0.12452112812347885,0.7734851670000182,3.867425835000091
delay_ablation,reactive_d5,mc2_k7,delay,5,512,64,12.0,5.0,awgn,-300.0,0.0,0.0,981,101200,116,200,12398,102400,0.2566680908203125,35.421875,0.0,9631,537,12398,90002,12529.994989253952,0,0.009693675889328063,0.009108359089928903,0.010316214429057375,0.58,0.12107421875,0.0012833404541015626,0.177109375,0.0,0.7768188417486691,0.0059665340770205105,0.12236323231693312,0.7849935419999952,3.924967709999976
delay_ablation,reactive_d5,mc4_k7,delay,5,512,64,12.0,5.0,awgn,-300.0,0.0,0.0,2845,101200,169,200,17556,102400,1.0496826171875,57.828125,0.0,13610,519,17556,84844,16330.912784544209,0,0.028112648221343874,0.027112025784546155,0.029149094117088097,0.845,0.1714453125,0.0052484130859375,0.289140625,0.0,0.7752335383914332,0.006117109047192495,0.15948157016156453,0.7852742919999969,3.9263714599999844
delay_ablation,reactive_d5,mc6_k7,delay,5,512,64,12.0,5.0,awgn,-300.0,0.0,0.0,647,101200,87,200,7924,102400,0.8783340454101562,33.671875,0.0,6156,571,7924,94476,9177.458298395139,0,0.006393280632411067,0.0059206173518884,0.0069034162036834875,0.435,0.0773828125,0.004391670227050781,0.168359375,0.0,0.7768803634528016,0.006043862991659257,0.08962361619526503,0.7836419170000113,3.9182095850000564
delay_ablation,reactive_d6,random_k7,delay,6,512,64,12.0,5.0,awgn,-300.0,0.0,0.0,1081,101200,124,200,12858,102400,0.25185394287109375,36.234375,25.174107142857146,9921,531,12858,89542,12789.395397561251,0,0.010681818181818181,0.010066774508362443,0.01133400858050838,0.62,0.12556640625,0.0012592697143554688,0.181171875,0.12587053571428572,0.771581894540364,0.005930178017019946,0.1248964394293091,0.7590205829999945,3.7951029149999727
delay_ablation,reactive_d6,mc1_k7,delay,6,512,64,12.0,5.0,awgn,-300.0,0.0,0.0,845,101200,107,200,12786,102400,0.25862884521484375,36.1875,0.0,9919,540,12786,89614,12828.94429244417,0,0.008349802371541502,0.007807535852888307,0.008929392651054987,0.535,0.12486328125,0.0012931442260742188,0.1809375,0.0,0.7757703738463945,0.006025844176133194,0.12528265910590008,0.7809471250000115,3.9047356250000576
delay_ablation,reactive_d6,mc2_k7,delay,6,512,64,12.0,5.0,awgn,-300.0,0.0,0.0,939,101200,114,200,12781,102400,0.2634620666503906,36.0625,0.0,9846,547,12781,89619,12762.851539683958,0,0.009278656126482213,0.008706287892858025,0.009888277606776743,0.57,0.124814453125,0.001317310333251953,0.1803125,0.0,0.7703622564744542,0.00610361642062509,0.12463722206722615,0.7849994579999873,3.9249972899999364
delay_ablation,reactive_d6,mc4_k7,delay,6,512,64,12.0,5.0,awgn,-300.0,0.0,0.0,1386,101200,145,200,14402,102400,0.411376953125,42.671875,0.0,11116,528,14402,87998,13975.539711899926,0,0.013695652173913043,0.012997818182701824,0.014430404094316871,0.725,0.14064453125,0.002056884765625,0.213359375,0.0,0.7718372448271074,0.006000136366735608,0.13647987999902272,0.7867635419999885,3.9338177099999427
delay_ablation,reactive_d6,mc6_k7,delay,6,512,64,12.0,5.0,awgn,-300.0,0.0,0.0,685,101200,97,200,9602,102400,0.7797775268554688,34.953125,0.0,7442,561,9602,92798,10439.45626622075,0,0.006768774703557312,0.006281988798864735,0.00729300439326328,0.485,0.09376953125,0.003898887634277344,0.174765625,0.0,0.7750468652364091,0.006045388909243734,0.10194781509981202,0.7822829589999856,3.911414794999928
zero_delay_limit,reactive_d0,random_k7,scheme,0,512,64,12.0,5.0,awgn,-300.0,0.0,0.0,49347,101200,200,200,102400,102400,0.0,200.0,24.59151785714287,79002,0,102400,0,79054.94912671135,0,0.4876185770750988,0.4845395030957218,0.4906985909936248,1.0,1.0,0.0,1.0,0.12295758928571435,0.77150390625,0.0,0.7720209875655405,0.7532567910000125,3.7662839550000626
zero_delay_limit,reactive_d0,random_brw,scheme,0,512,64,12.0,5.0,awgn,-300.0,0.0,0.0,50216,101200,200,200,102400,102400,0.0,200.0,24.59151785714287,79002,0,102400,0,79054.94912671135,0,0.49620553359683794,0.49312527779587745,0.4992860774557659,1.0,1.0,0.0,1.0,0.12295758928571435,0.77150390625,0.0,0.7720209875655405,0.7511066669999877,3.7555333349999387
zero_delay_limit,reactive_d0,mc2_k7,scheme,0,512,64,12.0,5.0,awgn,-300.0,0.0,0.0,49509,101200,200,200,102400,102400,0.0,200.0,0.0,78881,0,102400,0,79032.9574528516,0,0.4892193675889328,0.48614000436017696,0.49229954923238267,1.0,1.0,0.0,1.0,0.0,0.770322265625,0.0,0.7718062251255039,0.7749019590000046,3.874509795000023
zero_delay_limit,reactive_d0,mc2_brw,scheme,0,512,64,12.0,5.0,awgn,-300.0,0.0,0.0,50020,101200,200,200,102400,102400,0.0,200.0,0.0,78881,0,102400,0,79032.9574528516,0,0.4942687747035573,0.4911887060821156,0.49734927841255394,1.0,1.0,0.0,1.0,0.0,0.770322265625,0.0,0.7718062251255039,0.7719085420000056,3.859542710000028
jsr_robustness,sweep,random_k7,jsr_db,-5.0,512,64,12.0,-5.0,awgn,-300.0,0.0,0.0,0,101200,0,200,12703,102400,0.2600288391113281,36.109375,25.124999999999986,5876,1156,12703,89697,12732.762260919262,0,0.0,0.0,3.79576384188636e-05,0.0,0.124052734375,0.0013001441955566406,0.180546875,0.12562499999999993,0.46256789734708337,0.012887833483840039,0.12434338145428966,0.7510647910000046,3.755323955000023
jsr_robustness,sweep,random_brw,jsr_db,-5.0,512,64,12.0,-5.0,awgn,-300.0,0.0,0.0,0,101200,0,200,12703,102400,0.2600288391113281,36.109375,25.124999999999986,5876,1156,12703,89697,12732.762260919262,0,0.0,0.0,3.79576384188636e-05,0.0,0.124052734375,0.0013001441955566406,0.180546875,0.12562499999999993,0.46256789734708337,0.012887833483840039,0.12434338145428966,0.7486408749999782,3.743204374999891
jsr_robustness,sweep,mc2_k7,jsr_db,-5.0,512,64,12.0,-5.0,awgn,-300.0,0.0,0.0,0,101200,0,200,12770,102400,0.27923583984375,36.34375,0.0,5785,1127,12770,89630,12695.976139871123,0,0.0,0.0,3.79576384188636e-05,0.0,0.12470703125,0.00139617919921875,0.18171875,0.0,0.45301487862176976,0.012573914983822381,0.12398414199092894,0.7726692090000142,3.863346045000071
jsr_robustness,sweep,mc2_brw,jsr_db,-5.0,512,64,12.0,-5.0,awgn,-300.0,0.0,0.0,0,101200,0,200,12770,102400,0.27923583984375,36.34375,0.0,5785,1127,12770,89630,12695.976139871123,0,0.0,0.0,3.79576384188636e-05,0.0,0.12470703125,0.00139617919921875,0.18171875,0.0,0.45301487862176976,0.012573914983822381,0.12398414199092894,0.7707636670000113,3.8538183350000565
jsr_robustness,sweep,random_k7,jsr_db,0.0,512,64,12.0,0.0,awgn,-300.0,0.0,0.0,6,101200,1,200,12703,102400,0.2600288391113281,36.109375,25.124999999999986,8431,839,12703,89697,12719.416742040667,0,5.928853754940711e-05,2.7172742821817508e-05,0.00012935746979011894,0.005,0.124052734375,0.0013001441955566406,0.180546875,0.12562499999999993,0.6637014878375187,0.009353713056178022,0.12421305412149089,0.7582387090000111,3.7911935450000556
jsr_robustness,sweep,random_brw,jsr_db,0.0,512,64,12.0,0.0,awgn,-300.0,0.0,0.0,0,101200,0,200,12703,102400,0.2600288391113281,36.109375,25.124999999999986,8431,839,12703,89697,12719.416742040667,0,0.0,0.0,3.79576384188636e-05,0.0,0.124052734375,0.0013001441955566406,0.180546875,0.12562499999999993,0.6637014878375187,0.009353713056178022,0.12421305412149089,0.7490606249999985,3.7453031249999924
jsr_robustness,sweep,mc2_k7,jsr_db,0.0,512,64,12.0,0.0,awgn,-300.0,0.0,0.0,3,101200,1,200,12770,102400,0.27923583984375,36.34375,0.0,8349,875,12770,89630,12679.592054036031,0,2.9644268774703556e-05,1.0081776617267525e-05,8.716214889813252e-05,0.005,0.12470703125,0.00139617919921875,0.18171875,0.0,0.6537979639780737,0.009762356353899364,0.12382414115269562,0.7724890000000073,3.8624450000000365
jsr_robustness,sweep,mc2_brw,jsr_db,0.0,512,64,12.0,0.0,awgn,-300.0,0.0,0.0,5,101200,2,200,12770,102400,0.27923583984375,36.34375,0.0,8349,875,12770,89630,12679.592054036031,0,4.940711462450593e-05,2.110394495779271e-05,0.00011566417195529829,0.01,0.12470703125,0.00139617919921875,0.18171875,0.0,0.6537979639780737,0.009762356353899364,0.12382414115269562,0.774115834000014,3.8705791700000702
jsr_robustness,sweep,random_k7,jsr_db,5.0,512,64,12.0,5.0,awgn,-300.0,0.0,0.0,1120,101200,121,200,12703,102400,0.2600288391113281,36.109375,25.124999999999986,9846,508,12703,89697,12727.906630858159,0,0.011067193675889328,0.010440942511774888,0.011730562309350913,0.605,0.124052734375,0.0013001441955566406,0.180546875,0.12562499999999993,0.7750924978351571,0.005663511600165,0.12429596319197421,0.7517901660000064,3.758950830000032
jsr_robustness,sweep,random_brw,jsr_db,5.0,512,64,12.0,5.0,awgn,-300.0,0.0,0.0,17,101200,6,200,12703,102400,0.2600288391113281,36.109375,25.124999999999986,9846,508,12703,89697,12727.906630858159,0,0.00016798418972332015,0.00010488857790576831,0.0002690246873934684,0.03,0.124052734375,0.0013001441955566406,0.180546875,0.12562499999999993,0.7750924978351571,0.005663511600165,0.12429596319197421,0.7509345420000102,3.754672710000051
jsr_robustness,sweep,mc2_k7,jsr_db,5.0,512,64,12.0,5.0,awgn,-300.0,0.0,0.0,1124,101200,128,200,12770,102400,0.27923583984375,36.34375,0.0,9788,550,12770,89630,12698.48172834273,0,0.011106719367588933,0.01047933017675223,0.011771223027168952,0.64,0.12470703125,0.00139617919921875,0.18171875,0.0,0.7664839467501958,0.006136338279593886,0.12400861062834696,0.773263500000013,3.866317500000065
jsr_robustness,sweep,mc2_brw,jsr_db,5.0,512,64,12.0,5.0,awgn,-300.0,0.0,0.0,27,101200,9,200,12770,102400,0.27923583984375,36.34375,0.0,9788,550,12770,89630,12698.48172834273,0,0.00026679841897233204,0.00018337498584571315,0.0003881592364419784,0.045,0.12470703125,0.00139617919921875,0.18171875,0.0,0.7664839467501958,0.006136338279593886,0.12400861062834696,0.7708256249999863,3.8541281249999315
jsr_robustness,sweep,random_k7,jsr_db,10.0,512,64,12.0,10.0,awgn,-300.0,0.0,0.0,10042,101200,200,200,12703,102400,0.2600288391113281,36.109375,25.124999999999986,11217,247,12703,89697,12741.108505468304,0,0.0992292490118577,0.09740245382767387,0.10108646881855124,1.0,0.124052734375,0.0013001441955566406,0.180546875,0.12562499999999993,0.8830197591120208,0.002753715285906998,0.12442488774871391,0.750059374999978,3.75029687499989
jsr_robustness,sweep,random_brw,jsr_db,10.0,512,64,12.0,10.0,awgn,-300.0,0.0,0.0,40,101200,7,200,12703,102400,0.2600288391113281,36.109375,25.124999999999986,11217,247,12703,89697,12741.108505468304,0,0.0003952569169960474,0.0002902985180056082,0.0005381429483670745,0.035,0.124052734375,0.0013001441955566406,0.180546875,0.12562499999999993,0.8830197591120208,0.002753715285906998,0.12442488774871391,0.7484781249999912,3.742390624999956
jsr_robustness,sweep,mc2_k7,jsr_db,10.0,512,64,12.0,10.0,awgn,-300.0,0.0,0.0,9875,101200,200,200,12770,102400,0.27923583984375,36.34375,0.0,11183,240,12770,89630,12699.979208310138,0,0.09757905138339922,0.09576602561340503,0.09942262705111293,1.0,0.12470703125,0.00139617919921875,0.18171875,0.0,0.875724353954581,0.0026776748856409682,0.1240232344561537,0.7752303329999961,3.8761516649999805
jsr_robustness,sweep,mc2_brw,jsr_db,10.0,512,64,12.0,10.0,awgn,-300.0,0.0,0.0,29,101200,9,200,12770,102400,0.27923583984375,36.34375,0.0,11183,240,12770,89630,12699.979208310138,0,0.0002865612648221344,0.00019953932657827982,0.00041151908710710273,0.045,0.12470703125,0.00139617919921875,0.18171875,0.0,0.875724353954581,0.0026776748856409682,0.1240232344561537,0.771560500000021,3.857802500000105
jsr_robustness,sweep,random_k7,jsr_db,15.0,512,64,12.0,15.0,awgn,-300.0,0.0,0.0,20879,101200,200,200,12703,102400,0.2600288391113281,36.109375,25.124999999999986,12089,86,12703,89697,12734.643799981592,0,0.20631422924901185,0.2038322589392647,0.20881849479534886,1.0,0.124052734375,0.0013001441955566406,0.180546875,0.12562499999999993,0.9516649610328269,0.0009587834598704528,0.12436175585919523,0.7516262089999941,3.7581310449999705
jsr_robustness,sweep,random_brw,jsr_db,15.0,512,64,12.0,15.0,awgn,-300.0,0.0,0.0,31,101200,6,200,12703,102400,0.2600288391113281,36.109375,25.124999999999986,12089,86,12703,89697,12734.643799981592,0,0.00030632411067193675,0.0002158219805159113,0.0004347606245671621,0.03,0.124052734375,0.0013001441955566406,0.180546875,0.12562499999999993,0.9516649610328269,0.0009587834598704528,0.12436175585919523,0.7483694999999955,3.7418474999999773
jsr_robustness,sweep,mc2_k7,jsr_db,15.0,512,64,12.0,15.0,awgn,-300.0,0.0,0.0,21836,101200,200,200,12770,102400,0.27923583984375,36.34375,0.0,12058,102,12770,89630,12708.274364162633,0,0.2157707509881423,0.2132471619986465,0.21831591731976221,1.0,0.12470703125,0.00139617919921875,0.18171875,0.0,0.9442443226311668,0.0011380118263974116,0.12410424183752572,0.7744259589999842,3.872129794999921
jsr_robustness,sweep,mc2_brw,jsr_db,15.0,512,64,12.0,15.0,awgn,-300.0,0.0,0.0,4,101200,3,200,12770,102400,0.27923583984375,36.34375,0.0,12058,102,12770,89630,12708.274364162633,0,3.9525691699604744e-05,1.5370873560185062e-05,0.00010163514765406046,0.015,0.12470703125,0.00139617919921875,0.18171875,0.0,0.9442443226311668,0.0011380118263974116,0.12410424183752572,0.7713071249999928,3.856535624999964
jsr_robustness,reactive_d1,random_k7,jsr_db,-5.0,512,64,12.0,-5.0,awgn,-300.0,0.0,0.0,0,101200,0,200,12823,102400,0.2754402160644531,36.84375,25.06026785714285,5910,1134,12823,89577,12839.49053033527,0,0.0,0.0,3.79576384188636e-05,0.0,0.125224609375,0.0013772010803222655,0.18421875,0.12530133928571424,0.4608905872260781,0.012659499648347231,0.12538564971030536,0.7511708339999927,3.7558541699999637
jsr_robustness,reactive_d1,random_brw,jsr_db,-5.0,512,64,12.0,-5.0,awgn,-300.0,0.0,0.0,0,101200,0,200,12823,102400,0.2754402160644531,36.84375,25.06026785714285,5910,1134,12823,89577,12839.49053033527,0,0.0,0.0,3.79576384188636e-05,0.0,0.125224609375,0.0013772010803222655,0.18421875,0.12530133928571424,0.4608905872260781,0.012659499648347231,0.12538564971030536,0.7493016659999796,3.746508329999898
jsr_robustness,reactive_d1,mc2_k7,jsr_db,-5.0,512,64,12.0,-5.0,awgn,-300.0,0.0,0.0,0,101200,0,200,1670,102400,0.4049224853515625,26.09375,0.0,780,1287,1670,100730,8208.936608024604,0,0.0,0.0,3.79576384188636e-05,0.0,0.01630859375,0.0020246124267578125,0.13046875,0.0,0.46706586826347307,0.012776729871934876,0.08016539656274027,0.7733812079999893,3.8669060399999466
jsr_robustness,reactive_d1,mc2_brw,jsr_db,-5.0,512,64,12.0,-5.0,awgn,-300.0,0.0,0.0,0,101200,0,200,1670,102400,0.4049224853515625,26.09375,0.0,780,1287,1670,100730,8208.936608024604,0,0.0,0.0,3.79576384188636e-05,0.0,0.01630859375,0.0020246124267578125,0.13046875,0.0,0.46706586826347307,0.012776729871934876,0.08016539656274027,0.7715691660000061,3.8578458300000307
jsr_robustness,reactive_d1,random_k7,jsr_db,0.0,512,64,12.0,0.0,awgn,-300.0,0.0,0.0,5,101200,1,200,12823,102400,0.2754402160644531,36.84375,25.06026785714285,8498,884,12823,89577,12832.537629904533,0,4.940711462450593e-05,2.110394495779271e-05,0.00011566417195529829,0.005,0.125224609375,0.0013772010803222655,0.18421875,0.12530133928571424,0.662715433205958,0.009868604664143698,0.12531775029203646,0.7475248329999999,3.7376241649999997
jsr_robustness,reactive_d1,random_brw,jsr_db,0.0,512,64,12.0,0.0,awgn,-300.0,0.0,0.0,0,101200,0,200,12823,102400,0.2754402160644531,36.84375,25.06026785714285,8498,884,12823,89577,12832.537629904533,0,0.0,0.0,3.79576384188636e-05,0.0,0.125224609375,0.0013772010803222655,0.18421875,0.12530133928571424,0.662715433205958,0.009868604664143698,0.12531775029203646,0.7432954580000057,3.7164772900000287
jsr_robustness,reactive_d1,mc2_k7,jsr_db,0.0,512,64,12.0,0.0,awgn,-300.0,0.0,0.0,0,101200,0,200,1670,102400,0.4049224853515625,26.09375,0.0,1130,979,1670,100730,5949.368236127542,0,0.0,0.0,3.79576384188636e-05,0.0,0.01630859375,0.0020246124267578125,0.13046875,0.0,0.6766467065868264,0.009719050928223965,0.05809929918093303,0.7704492500000129,3.8522462500000643
jsr_robustness,reactive_d1,mc2_brw,jsr_db,0.0,512,64,12.0,0.0,awgn,-300.0,0.0,0.0,0,101200,0,200,1670,102400,0.4049224853515625,26.09375,0.0,1130,979,1670,100730,5949.368236127542,0,0.0,0.0,3.79576384188636e-05,0.0,0.01630859375,0.0020246124267578125,0.13046875,0.0,0.6766467065868264,0.009719050928223965,0.05809929918093303,0.7967190839999887,3.9835954199999435
jsr_robustness,reactive_d1,random_k7,jsr_db,5.0,512,64,12.0,5.0,awgn,-300.0,0.0,0.0,1051,101200,124,200,12823,102400,0.2754402160644531,36.84375,25.06026785714285,9938,565,12823,89577,12862.926165571502,0,0.010385375494071146,0.009779095518987604,0.011028824698917857,0.62,0.125224609375,0.0013772010803222655,0.18421875,0.12530133928571424,0.7750136473524136,0.0063074226642999874,0.1256145133356592,0.7486095420000254,3.743047710000127
jsr_robustness,reactive_d1,random_brw,jsr_db,5.0,512,64,12.0,5.0,awgn,-300.0,0.0,0.0,30,101200,9,200,12823,102400,0.2754402160644531,36.84375,25.06026785714285,9938,565,12823,89577,12862.926165571502,0,0.0002964426877470356,0.00020766658992361854,0.00042315391946060944,0.045,0.125224609375,0.0013772010803222655,0.18421875,0.12530133928571424,0.7750136473524136,0.0063074226642999874,0.1256145133356592,0.7460794159999864,3.730397079999932
jsr_robustness,reactive_d1,mc2_k7,jsr_db,5.0,512,64,12.0,5.0,awgn,-300.0,0.0,0.0,104,101200,19,200,1670,102400,0.4049224853515625,26.09375,0.0,1301,601,1670,100730,4585.435926529157,0,0.0010276679841897233,0.0008482987460974689,0.0012449168450013241,0.095,0.01630859375,0.0020246124267578125,0.13046875,0.0,0.7790419161676647,0.005966444951851484,0.0447796477200113,0.7724987080000005,3.8624935400000027
jsr_robustness,reactive_d1,mc2_brw,jsr_db,5.0,512,64,12.0,5.0,awgn,-300.0,0.0,0.0,0,101200,0,200,1670,102400,0.4049224853515625,26.09375,0.0,1301,601,1670,100730,4585.435926529157,0,0.0,0.0,3.79576384188636e-05,0.0,0.01630859375,0.0020246124267578125,0.13046875,0.0,0.7790419161676647,0.005966444951851484,0.0447796477200113,0.7694054170000015,3.8470270850000077
jsr_robustness,reactive_d1,random_k7,jsr_db,10.0,512,64,12.0,10.0,awgn,-300.0,0.0,0.0,10556,101200,200,200,12823,102400,0.2754402160644531,36.84375,25.06026785714285,11304,280,12823,89577,12837.861924052197,0,0.10430830039525692,0.10244009533691296,0.10620654449851875,1.0,0.125224609375,0.0013772010803222655,0.18421875,0.12530133928571424,0.8815409810496764,0.0031258023823079583,0.12536974535207224,0.7495313750000037,3.7476568750000183
jsr_robustness,reactive_d1,random_brw,jsr_db,10.0,512,64,12.0,10.0,awgn,-300.0,0.0,0.0,30,101200,7,200,12823,102400,0.2754402160644531,36.84375,25.06026785714285,11304,280,12823,89577,12837.861924052197,0,0.0002964426877470356,0.00020766658992361854,0.00042315391946060944,0.035,0.125224609375,0.0013772010803222655,0.18421875,0.12530133928571424,0.8815409810496764,0.0031258023823079583,0.12536974535207224,0.7488478749999956,3.744239374999978
jsr_robustness,reactive_d1,mc2_k7,jsr_db,10.0,512,64,12.0,10.0,awgn,-300.0,0.0,0.0,1114,101200,129,200,1670,102400,0.4049224853515625,26.09375,0.0,1473,273,1670,100730,3166.642669059229,0,0.011007905138339921,0.010383364953190645,0.011669567293742083,0.645,0.01630859375,0.0020246124267578125,0.13046875,0.0,0.8820359281437126,0.002710215427380125,0.030924244815031532,0.7730096660000072,3.865048330000036
jsr_robustness,reactive_d1,mc2_brw,jsr_db,10.0,512,64,12.0,10.0,awgn,-300.0,0.0,0.0,1,101200,1,200,1670,102400,0.4049224853515625,26.09375,0.0,1473,273,1670,100730,3166.642669059229,0,9.881422924901186e-06,1.7443159135537012e-06,5.5975418204155386e-05,0.005,0.01630859375,0.0020246124267578125,0.13046875,0.0,0.8820359281437126,0.002710215427380125,0.030924244815031532,0.7722275829999887,3.8611379149999436
jsr_robustness,reactive_d1,random_k7,jsr_db,15.0,512,64,12.0,15.0,awgn,-300.0,0.0,0.0,21551,101200,200,200,12823,102400,0.2754402160644531,36.84375,25.06026785714285,12162,102,12823,89577,12832.601611178641,0,0.21295454545454545,0.21044313945976215,0.2154877425844756,1.0,0.125224609375,0.0013772010803222655,0.18421875,0.12530133928571424,0.9484520003119394,0.0011386851535550421,0.1253183751091664,0.7498062909999987,3.7490314549999937
jsr_robustness,reactive_d1,random_brw,jsr_db,15.0,512,64,12.0,15.0,awgn,-300.0,0.0,0.0,23,101200,5,200,12823,102400,0.2754402160644531,36.84375,25.06026785714285,12162,102,12823,89577,12832.601611178641,0,0.00022727272727272727,0.00015145555990874339,0.00034103027958356624,0.025,0.125224609375,0.0013772010803222655,0.18421875,0.12530133928571424,0.9484520003119394,0.0011386851535550421,0.1253183751091664,0.7471531669999933,3.7357658349999667
jsr_robustness,reactive_d1,mc2_k7,jsr_db,15.0,512,64,12.0,15.0,awgn,-300.0,0.0,0.0,2346,101200,185,200,1670,102400,0.4049224853515625,26.09375,0.0,1598,93,1670,100730,2331.6765798196875,0,0.023181818181818182,0.02227263268773519,0.024127201460175163,0.925,0.01630859375,0.0020246124267578125,0.13046875,0.0,0.9568862275449102,0.0009232602005360866,0.022770279099801637,0.7724916250000149,3.8624581250000745
jsr_robustness,reactive_d1,mc2_brw,jsr_db,15.0,512,64,12.0,15.0,awgn,-300.0,0.0,0.0,0,101200,0,200,1670,102400,0.4049224853515625,26.09375,0.0,1598,93,1670,100730,2331.6765798196875,0,0.0,0.0,3.79576384188636e-05,0.0,0.01630859375,0.0020246124267578125,0.13046875,0.0,0.9568862275449102,0.0009232602005360866,0.022770279099801637,0.7727619169999969,3.8638095849999843
channel_robustness,reactive_d1,random_k7,channel_index,0,512,64,12.0,5.0,awgn,-300.0,0.0,0.0,1051,101200,124,200,12823,102400,0.2754402160644531,36.84375,25.06026785714285,9938,565,12823,89577,12862.926165571502,0,0.010385375494071146,0.009779095518987604,0.011028824698917857,0.62,0.125224609375,0.0013772010803222655,0.18421875,0.12530133928571424,0.7750136473524136,0.0063074226642999874,0.1256145133356592,0.7506565829999943,3.7532829149999714
channel_robustness,reactive_d1,random_brw,channel_index,0,512,64,12.0,5.0,awgn,-300.0,0.0,0.0,30,101200,9,200,12823,102400,0.2754402160644531,36.84375,25.06026785714285,9938,565,12823,89577,12862.926165571502,0,0.0002964426877470356,0.00020766658992361854,0.00042315391946060944,0.045,0.125224609375,0.0013772010803222655,0.18421875,0.12530133928571424,0.7750136473524136,0.0063074226642999874,0.1256145133356592,0.7481808750000027,3.7409043750000137
channel_robustness,reactive_d1,mc2_k7,channel_index,0,512,64,12.0,5.0,awgn,-300.0,0.0,0.0,104,101200,19,200,1670,102400,0.4049224853515625,26.09375,0.0,1301,601,1670,100730,4585.435926529157,0,0.0010276679841897233,0.0008482987460974689,0.0012449168450013241,0.095,0.01630859375,0.0020246124267578125,0.13046875,0.0,0.7790419161676647,0.005966444951851484,0.0447796477200113,0.7768426669999826,3.884213334999913
channel_robustness,reactive_d1,mc2_brw,channel_index,0,512,64,12.0,5.0,awgn,-300.0,0.0,0.0,0,101200,0,200,1670,102400,0.4049224853515625,26.09375,0.0,1301,601,1670,100730,4585.435926529157,0,0.0,0.0,3.79576384188636e-05,0.0,0.01630859375,0.0020246124267578125,0.13046875,0.0,0.7790419161676647,0.005966444951851484,0.0447796477200113,0.7715243330000021,3.8576216650000106
channel_robustness,reactive_d1,random_k7,channel_index,1,512,64,12.0,5.0,peda,-300.0,0.0,0.0,3729,101200,182,200,12823,102400,0.2754402160644531,36.84375,25.06026785714285,10063,462,12823,89577,12864.656670383521,0,0.03684782608695652,0.03570461855538422,0.038026193944029424,0.91,0.125224609375,0.0013772010803222655,0.18421875,0.12530133928571424,0.7847617562192934,0.0051575739308081315,0.12563141279671408,0.7662457079999854,3.831228539999927
channel_robustness,reactive_d1,random_brw,channel_index,1,512,64,12.0,5.0,peda,-300.0,0.0,0.0,319,101200,55,200,12823,102400,0.2754402160644531,36.84375,25.06026785714285,10063,462,12823,89577,12864.656670383521,0,0.0031521739130434784,0.0028251608651213766,0.003516905301229195,0.275,0.125224609375,0.0013772010803222655,0.18421875,0.12530133928571424,0.7847617562192934,0.0051575739308081315,0.12563141279671408,0.7533333750000111,3.7666668750000554
channel_robustness,reactive_d1,mc2_k7,channel_index,1,512,64,12.0,5.0,peda,-300.0,0.0,0.0,447,101200,63,200,1670,102400,0.4049224853515625,26.09375,0.0,1304,476,1670,100730,4386.159907925233,0,0.00441699604743083,0.004026818148588936,0.004844796267213855,0.315,0.01630859375,0.0020246124267578125,0.13046875,0.0,0.7808383233532934,0.00472550382209868,0.04283359285083235,0.7804984580000109,3.9024922900000547
channel_robustness,reactive_d1,mc2_brw,channel_index,1,512,64,12.0,5.0,peda,-300.0,0.0,0.0,22,101200,6,200,1670,102400,0.4049224853515625,26.09375,0.0,1304,476,1670,100730,4386.159907925233,0,0.0002173913043478261,0.00014357313809934275,0.00032915060569412133,0.03,0.01630859375,0.0020246124267578125,0.13046875,0.0,0.7808383233532934,0.00472550382209868,0.04283359285083235,0.7770445410000093,3.8852227050000465
channel_robustness,reactive_d1,random_k7,channel_index,2,512,64,12.0,5.0,veha,-300.0,0.0,0.0,4210,101200,188,200,12823,102400,0.2754402160644531,36.84375,25.06026785714285,10063,448,12823,89577,12846.122020938175,0,0.041600790513833995,0.040387873213318534,0.0428485073172398,0.94,0.125224609375,0.0013772010803222655,0.18421875,0.12530133928571424,0.7847617562192934,0.0050012838116927335,0.12545041036072438,0.7558657499999981,3.7793287499999906
channel_robustness,reactive_d1,random_brw,channel_index,2,512,64,12.0,5.0,veha,-300.0,0.0,0.0,368,101200,60,200,12823,102400,0.2754402160644531,36.84375,25.06026785714285,10063,448,12823,89577,12846.122020938175,0,0.0036363636363636364,0.003283881344344427,0.004026527511249572,0.3,0.125224609375,0.0013772010803222655,0.18421875,0.12530133928571424,0.7847617562192934,0.0050012838116927335,0.12545041036072438,0.7518804160000059,3.7594020800000294
channel_robustness,reactive_d1,mc2_k7,channel_index,2,512,64,12.0,5.0,veha,-300.0,0.0,0.0,473,101200,59,200,1670,102400,0.4049224853515625,26.09375,0.0,1293,459,1670,100730,4351.050546076456,0,0.004673913043478261,0.004272078038825849,0.0051133508651469255,0.295,0.01630859375,0.0020246124267578125,0.13046875,0.0,0.774251497005988,0.004556735828452298,0.04249072798902789,0.7788671249999766,3.894335624999883
channel_robustness,reactive_d1,mc2_brw,channel_index,2,512,64,12.0,5.0,veha,-300.0,0.0,0.0,40,101200,9,200,1670,102400,0.4049224853515625,26.09375,0.0,1293,459,1670,100730,4351.050546076456,0,0.0003952569169960474,0.0002902985180056082,0.0005381429483670745,0.045,0.01630859375,0.0020246124267578125,0.13046875,0.0,0.774251497005988,0.004556735828452298,0.04249072798902789,0.7777390830000002,3.888695415000001
csi_robustness,reactive_d1,mc2_k7,csi_nmse_db,-300.0,512,64,12.0,5.0,veha,-300.0,0.0,0.0,473,101200,59,200,1670,102400,0.4049224853515625,26.09375,0.0,1293,459,1670,100730,4351.050546076456,0,0.004673913043478261,0.004272078038825849,0.0051133508651469255,0.295,0.01630859375,0.0020246124267578125,0.13046875,0.0,0.774251497005988,0.004556735828452298,0.04249072798902789,0.7804970409999896,3.902485204999948
csi_robustness,reactive_d1,mc2_brw,csi_nmse_db,-300.0,512,64,12.0,5.0,veha,-300.0,0.0,0.0,40,101200,9,200,1670,102400,0.4049224853515625,26.09375,0.0,1293,459,1670,100730,4351.050546076456,0,0.0003952569169960474,0.0002902985180056082,0.0005381429483670745,0.045,0.01630859375,0.0020246124267578125,0.13046875,0.0,0.774251497005988,0.004556735828452298,0.04249072798902789,0.7799050000000136,3.899525000000068
csi_robustness,reactive_d1,mc2_k7,csi_nmse_db,-30.0,512,64,12.0,5.0,veha,-30.0,0.0,0.0,430,101200,60,200,1670,102400,0.4049224853515625,26.09375,0.0,1292,489,1670,100730,4430.229087569217,0,0.00424901185770751,0.0038666420761734105,0.004669016712749008,0.3,0.01630859375,0.0020246124267578125,0.13046875,0.0,0.7736526946107785,0.0048545616995929715,0.04326395593329314,0.7816817910000111,3.9084089550000556
csi_robustness,reactive_d1,mc2_brw,csi_nmse_db,-30.0,512,64,12.0,5.0,veha,-30.0,0.0,0.0,63,101200,8,200,1670,102400,0.4049224853515625,26.09375,0.0,1292,489,1670,100730,4430.229087569217,0,0.0006225296442687748,0.000486648325991964,0.0007963213414541649,0.04,0.01630859375,0.0020246124267578125,0.13046875,0.0,0.7736526946107785,0.0048545616995929715,0.04326395593329314,0.7793191669999828,3.896595834999914
csi_robustness,reactive_d1,mc2_k7,csi_nmse_db,-20.0,512,64,12.0,5.0,veha,-20.0,0.0,0.0,459,101200,60,200,1670,102400,0.4049224853515625,26.09375,0.0,1294,1003,1670,100730,5243.674013164741,0,0.004535573122529645,0.004139973589579904,0.004968785974609034,0.3,0.01630859375,0.0020246124267578125,0.13046875,0.0,0.7748502994011977,0.009957311625136503,0.051207754034811925,0.7806831669999781,3.9034158349998904
csi_robustness,reactive_d1,mc2_brw,csi_nmse_db,-20.0,512,64,12.0,5.0,veha,-20.0,0.0,0.0,60,101200,7,200,1670,102400,0.4049224853515625,26.09375,0.0,1294,1003,1670,100730,5243.674013164741,0,0.0005928853754940712,0.00046067777924643305,0.0007630056011031594,0.035,0.01630859375,0.0020246124267578125,0.13046875,0.0,0.7748502994011977,0.009957311625136503,0.051207754034811925,0.7784504590000267,3.8922522950001337
csi_robustness,reactive_d1,mc2_k7,csi_nmse_db,-10.0,512,64,12.0,5.0,veha,-10.0,0.0,0.0,717,101200,87,200,1670,102400,0.4049224853515625,26.09375,0.0,1305,11252,1670,100730,16544.98433917202,0,0.00708498023715415,0.006586608102275252,0.007620772152215817,0.435,0.01630859375,0.0020246124267578125,0.13046875,0.0,0.781437125748503,0.11170455673582845,0.16157211268722677,0.780611958999998,3.90305979499999
csi_robustness,reactive_d1,mc2_brw,csi_nmse_db,-10.0,512,64,12.0,5.0,veha,-10.0,0.0,0.0,238,101200,42,200,1670,102400,0.4049224853515625,26.09375,0.0,1305,11252,1670,100730,16544.98433917202,0,0.0023517786561264823,0.0020716450635777845,0.002669691351166303,0.21,0.01630859375,0.0020246124267578125,0.13046875,0.0,0.781437125748503,0.11170455673582845,0.16157211268722677,0.7812999999999874,3.9064999999999372
sync_robustness,reactive_d1,mc2_k7,sync_error_prob,0.0,512,64,12.0,5.0,awgn,-300.0,0.0,0.0,104,101200,19,200,1670,102400,0.4049224853515625,26.09375,0.0,1301,601,1670,100730,4585.435926529157,0,0.0010276679841897233,0.0008482987460974689,0.0012449168450013241,0.095,0.01630859375,0.0020246124267578125,0.13046875,0.0,0.7790419161676647,0.005966444951851484,0.0447796477200113,0.7757921660000022,3.878960830000011
sync_robustness,reactive_d1,mc2_brw,sync_error_prob,0.0,512,64,12.0,5.0,awgn,-300.0,0.0,0.0,0,101200,0,200,1670,102400,0.4049224853515625,26.09375,0.0,1301,601,1670,100730,4585.435926529157,0,0.0,0.0,3.79576384188636e-05,0.0,0.01630859375,0.0020246124267578125,0.13046875,0.0,0.7790419161676647,0.005966444951851484,0.0447796477200113,0.7733465829999773,3.8667329149998864
sync_robustness,reactive_d1,mc2_k7,sync_error_prob,0.005,512,64,12.0,5.0,awgn,-300.0,0.005,0.0,359,101200,27,200,1670,102400,0.4049224853515625,26.09375,0.0,1344,1027,1738,100662,5030.288393986811,9,0.0035474308300395257,0.0031994923225377105,0.003933057671766679,0.135,0.01630859375,0.0020246124267578125,0.13046875,0.0,0.7733026467203682,0.010202459716675608,0.04912391009752745,0.7749081249999961,3.8745406249999803
sync_robustness,reactive_d1,mc2_brw,sync_error_prob,0.005,512,64,12.0,5.0,awgn,-300.0,0.005,0.0,257,101200,8,200,1670,102400,0.4049224853515625,26.09375,0.0,1344,1027,1738,100662,5030.288393986811,9,0.0025395256916996047,0.002247753729969454,0.0028690625030526975,0.04,0.01630859375,0.0020246124267578125,0.13046875,0.0,0.7733026467203682,0.010202459716675608,0.04912391009752745,0.774560374999993,3.872801874999965
sync_robustness,reactive_d1,mc2_k7,sync_error_prob,0.01,512,64,12.0,5.0,awgn,-300.0,0.01,0.0,651,101200,37,200,1670,102400,0.4049224853515625,26.09375,0.0,1392,1460,1798,100602,5493.247653143019,18,0.006432806324110672,0.0059586369232822855,0.006944445015084982,0.185,0.01630859375,0.0020246124267578125,0.13046875,0.0,0.7741935483870968,0.014512633943659172,0.053644996612724795,0.7760394170000211,3.8801970850001055
sync_robustness,reactive_d1,mc2_brw,sync_error_prob,0.01,512,64,12.0,5.0,awgn,-300.0,0.01,0.0,548,101200,18,200,1670,102400,0.4049224853515625,26.09375,0.0,1392,1460,1798,100602,5493.247653143019,18,0.00541501976284585,0.004981265928122037,0.0058863201532641475,0.09,0.01630859375,0.0020246124267578125,0.13046875,0.0,0.7741935483870968,0.014512633943659172,0.053644996612724795,0.7764797499999929,3.8823987499999646
sync_robustness,reactive_d1,mc2_k7,sync_error_prob,0.02,512,64,12.0,5.0,awgn,-300.0,0.02,0.0,888,101200,45,200,1670,102400,0.4049224853515625,26.09375,0.0,1435,1913,1860,100540,5959.864578106288,28,0.008774703557312254,0.008218464864997036,0.009368233753996614,0.225,0.01630859375,0.0020246124267578125,0.13046875,0.0,0.771505376344086,0.01902725283469266,0.05820180252056922,0.7807074589999843,3.9035372949999214
sync_robustness,reactive_d1,mc2_brw,sync_error_prob,0.02,512,64,12.0,5.0,awgn,-300.0,0.02,0.0,789,101200,28,200,1670,102400,0.4049224853515625,26.09375,0.0,1435,1913,1860,100540,5959.864578106288,28,0.007796442687747035,0.007272929698299282,0.008357321446508663,0.14,0.01630859375,0.0020246124267578125,0.13046875,0.0,0.771505376344086,0.01902725283469266,0.05820180252056922,0.7782314589999828,3.891157294999914
sync_robustness,reactive_d1,mc2_k7,sync_error_prob,0.05,512,64,12.0,5.0,awgn,-300.0,0.05,0.0,2717,101200,88,200,1670,102400,0.4049224853515625,26.09375,0.0,1723,4829,2253,100147,9015.685851492399,90,0.02684782608695652,0.025869772501606693,0.02786179915057533,0.44,0.01630859375,0.0020246124267578125,0.13046875,0.0,0.7647581003106968,0.048219117896691865,0.08804380714348045,0.7662786660000052,3.831393330000026
sync_robustness,reactive_d1,mc2_brw,sync_error_prob,0.05,512,64,12.0,5.0,awgn,-300.0,0.05,0.0,2607,101200,76,200,1670,102400,0.4049224853515625,26.09375,0.0,1723,4829,2253,100147,9015.685851492399,90,0.025760869565217392,0.02480267577211002,0.026755065353199003,0.38,0.01630859375,0.0020246124267578125,0.13046875,0.0,0.7647581003106968,0.048219117896691865,0.08804380714348045,0.7653682910000157,3.8268414550000784
brw_mismatch,sweep,mc2_brw,jammer_est_error_db,-9.0,512,64,12.0,5.0,awgn,-300.0,0.0,-9.0,10,101200,4,200,12770,102400,0.27923583984375,36.34375,0.0,10183,1095,12770,89630,16181.907392167008,0,9.881422924901186e-05,5.3676604893357496e-05,0.00018190199051396088,0.02,0.12470703125,0.00139617919921875,0.18171875,0.0,0.7974158183241974,0.01221689166573692,0.15802643937663094,0.7652772499999969,3.8263862499999846
brw_mismatch,sweep,mc2_brw,jammer_est_error_db,-6.0,512,64,12.0,5.0,awgn,-300.0,0.0,-6.0,7,101200,2,200,12770,102400,0.27923583984375,36.34375,0.0,10093,926,12770,89630,14728.924445137583,0,6.91699604743083e-05,3.3506949658430094e-05,0.00014278535865235186,0.01,0.12470703125,0.00139617919921875,0.18171875,0.0,0.7903680501174628,0.01033136226709807,0.1438371527845467,0.7670084579999923,3.8350422899999614
brw_mismatch,sweep,mc2_brw,jammer_est_error_db,-3.0,512,64,12.0,5.0,awgn,-300.0,0.0,-3.0,18,101200,6,200,12770,102400,0.27923583984375,36.34375,0.0,9967,721,12770,89630,13706.692816166236,0,0.00017786561264822133,0.00011251628857474225,0.0002811590724233399,0.03,0.12470703125,0.00139617919921875,0.18171875,0.0,0.7805011746280345,0.008044181635613075,0.1338544220328734,0.7704005829999971,3.8520029149999857
brw_mismatch,sweep,mc2_brw,jammer_est_error_db,0.0,512,64,12.0,5.0,awgn,-300.0,0.0,0.0,27,101200,9,200,12770,102400,0.27923583984375,36.34375,0.0,9788,550,12770,89630,12698.48172834273,0,0.00026679841897233204,0.00018337498584571315,0.0003881592364419784,0.045,0.12470703125,0.00139617919921875,0.18171875,0.0,0.7664839467501958,0.006136338279593886,0.12400861062834696,0.7707018330000039,3.8535091650000197
brw_mismatch,sweep,mc2_brw,jammer_est_error_db,3.0,512,64,12.0,5.0,awgn,-300.0,0.0,3.0,40,101200,13,200,12770,102400,0.27923583984375,36.34375,0.0,9539,356,12770,89630,11596.586921315698,0,0.0003952569169960474,0.0002902985180056082,0.0005381429483670745,0.065,0.12470703125,0.00139617919921875,0.18171875,0.0,0.7469851213782303,0.00397188441370077,0.11324791915347361,0.7660380829999838,3.830190414999919
brw_mismatch,sweep,mc2_brw,jammer_est_error_db,6.0,512,64,12.0,5.0,awgn,-300.0,0.0,6.0,63,101200,17,200,12770,102400,0.27923583984375,36.34375,0.0,9233,215,12770,89630,10568.480782524468,0,0.0006225296442687748,0.000486648325991964,0.0007963213414541649,0.085,0.12470703125,0.00139617919921875,0.18171875,0.0,0.7230227094753328,0.002398750418386701,0.1032078201418405,0.7681292919999976,3.840646459999988
brw_mismatch,sweep,mc2_brw,jammer_est_error_db,9.0,512,64,12.0,5.0,awgn,-300.0,0.0,9.0,62,101200,18,200,12770,102400,0.27923583984375,36.34375,0.0,8918,113,12770,89630,9722.824713393558,0,0.0006126482213438735,0.0004779816971225802,0.0007852258746247029,0.09,0.12470703125,0.00139617919921875,0.18171875,0.0,0.698355520751762,0.0012607385919892894,0.09494946009173397,0.768047834000015,3.840239170000075
load_boundary,reactive_union2,random_k7,n_active,32,512,32,12.0,5.0,awgn,-300.0,0.0,0.0,34,50000,8,200,5574,51200,0.62469482421875,39.625,12.99107142857142,3996,355,5574,45626,5898.055875135155,0,0.00068,0.000486679129001856,0.0009500396654903031,0.04,0.1088671875,0.00312347412109375,0.198125,0.0649553571428571,0.7168998923573735,0.007780651382983387,0.11519640381123349,0.4018239590000121,2.0091197950000605
load_boundary,reactive_union2,mc2_k7,n_active,32,512,32,12.0,5.0,awgn,-300.0,0.0,0.0,14,50000,3,200,419,51200,0.1334075927734375,13.09375,0.0,314,418,419,50781,2423.3156330331776,0,0.00028,0.00016680419174359363,0.00046997606136788136,0.015,0.00818359375,0.0006670379638671876,0.06546875,0.0,0.7494033412887828,0.008231425139323763,0.04733038345767925,0.42913099999998394,2.1456549999999197
load_boundary,reactive_union2,random_k7,n_active,64,512,64,12.0,5.0,awgn,-300.0,0.0,0.0,676,101200,89,200,21141,102400,0.8344078063964844,59.671875,25.133928571428566,16268,1524,21141,81259,22796.585995512884,0,0.0066798418972332015,0.006196364040827574,0.007200770290010831,0.445,0.206455078125,0.004172039031982422,0.298359375,0.12566964285714283,0.7695000236507261,0.018754845617100876,0.22262291011243052,0.751791666999992,3.75895833499996
load_boundary,reactive_union2,mc2_k7,n_active,64,512,64,12.0,5.0,awgn,-300.0,0.0,0.0,55,101200,12,200,1520,102400,0.3487396240234375,23.75,0.0,1238,1995,1520,100880,9386.763377412452,0,0.0005434782608695652,0.0004176008448440961,0.0007072720570112689,0.06,0.01484375,0.0017436981201171876,0.11875,0.0,0.8144736842105263,0.019775971451229182,0.09166761110754347,0.772744624999973,3.863723124999865
load_boundary,reactive_union2,random_k7,n_active,96,512,96,12.0,5.0,awgn,-300.0,0.0,0.0,3839,152400,182,200,46258,153600,1.1658494737413192,79.52083333333334,37.37946428571429,37349,3919,46258,107342,50748.963215271615,0,0.025190288713910762,0.024415433977408686,0.025989079355651343,0.91,0.30115885416666666,0.005829247368706596,0.3976041666666667,0.18689732142857146,0.8074062864801764,0.036509474390266625,0.3303968959327579,1.1016316249999818,5.508158124999909
load_boundary,reactive_union2,mc2_k7,n_active,96,512,96,12.0,5.0,awgn,-300.0,0.0,0.0,495,152400,68,200,3536,153600,0.767523871527778,36.833333333333336,0.0,3006,5609,3536,150064,21810.58651811498,0,0.003248031496062992,0.0029746153708638937,0.0035464896702398665,0.34,0.023020833333333334,0.00383761935763889,0.18416666666666667,0.0,0.8501131221719457,0.03737738564878985,0.14199600597731105,1.123047458000002,5.61523729000001
load_boundary,reactive_union2,random_k7,n_active,128,512,128,12.0,5.0,awgn,-300.0,0.0,0.0,14080,203600,200,200,79956,204800,1.53717041015625,97.0859375,49.92075892857141,67091,7530,79956,124844,89031.48651416456,0,0.06915520628683694,0.06806124279596318,0.07026542755085785,1.0,0.39041015625,0.00768585205078125,0.4854296875,0.24960379464285704,0.8390990044524489,0.06031527346127968,0.4347240552449441,1.4633113750000177,7.316556875000089
load_boundary,reactive_union2,mc2_k7,n_active,128,512,128,12.0,5.0,awgn,-300.0,0.0,0.0,1579,203600,138,200,6345,204800,1.3695039749145508,49.5703125,0.0,5530,12149,6345,198455,40752.040354341516,0,0.0077554027504911595,0.007383540351491795,0.008145839822114524,0.69,0.0309814453125,0.006847519874572754,0.2478515625,0.0,0.8715524034672971,0.0612179083419415,0.1989845720426832,1.471355041999999,7.356775209999995
load_boundary,reactive_union2,random_k7,n_active,160,512,160,12.0,5.0,awgn,-300.0,0.0,0.0,35730,254800,200,200,121146,256000,1.9319226074218745,114.12500000000004,62.454464285714295,105397,13931,121146,134854,138166.21993935853,0,0.1402276295133438,0.13888484468922185,0.14158126229594337,1.0,0.4732265625,0.009659613037109372,0.5706250000000002,0.3122723214285715,0.8699998349099434,0.10330431429546028,0.5397117966381193,1.8293612090000124,9.146806045000062
load_boundary,reactive_union2,mc2_k7,n_active,160,512,160,12.0,5.0,awgn,-300.0,0.0,0.0,3591,254800,177,200,10062,256000,2.1853894042968744,62.88750000000001,0.0,9053,25303,10062,245938,69686.27340706666,0,0.014093406593406594,0.013642984034361613,0.014558480345766308,0.885,0.0393046875,0.010926947021484373,0.31443750000000004,0.0,0.8997217253031207,0.10288365360375379,0.27221200549635416,1.8438004170000113,9.219002085000056
load_boundary,reactive_union2,random_k7,n_active,192,512,192,12.0,5.0,awgn,-300.0,0.0,0.0,67564,306000,200,200,169331,307200,2.2492569817437063,129.97916666666666,74.78348214285721,153690,25850,169331,137869,199974.31153112333,0,0.22079738562091503,0.21933126048480414,0.22227052076932283,1.0,0.5512076822916666,0.011246284908718531,0.6498958333333333,0.373917410714286,0.9076306169573203,0.18749682669780735,0.6509580453487087,2.189357749999999,10.946788749999996
load_boundary,reactive_union2,mc2_k7,n_active,192,512,192,12.0,5.0,awgn,-300.0,0.0,0.0,20665,306000,200,200,68488,307200,2.2721794976128464,74.953125,20.04315476190476,61748,44869,68488,238712,144226.34884511025,0,0.06753267973856208,0.06664897614105979,0.06842724140499686,1.0,0.22294270833333332,0.011360897488064231,0.374765625,0.10021577380952379,0.9015885994626796,0.18796290090150475,0.4694868126468432,2.1950897500000224,10.975448750000112
